h23,h37
118,73.96875
118,73.96875
116,73.96875
114,73.96875
111,73.96875
108,73.96875
106,73.96875
103,73.96875
100,73.96875
98,73.96875
97,72.96875
95,72.96875
94,72.96875
93,71.96875
92,70.96875
91,70.96875
90,70.96875
90,69.96875
89,69.96875
88,68.96875
87,68.96875
87,67.96875
86,66.96875
86,66.96875
85,65.96875
85,65.96875
85,64.96875
84,64.96875
84,64.96875
84,63.96875
84,63.96875
84,63.96875
84,62.96875
84,62.96875
84,61.96875
84,61.96875
85,60.96875
86,60.96875
86,59.96875
87,59.96875
88,58.96875
89,58.96875
90,58.96875
91,57.96875
92,57.96875
95,57.96875
96,56.96875
98,56.96875
100,56.96875
102,56.96875
104,56.96875
105,56.96875
107,56.96875
109,56.96875
111,56.96875
113,56.96875
115,56.96875
119,56.96875
120,56.96875
123,56.96875
125,56.96875
126,56.96875
128,56.96875
130,56.96875
132,56.96875
134,56.96875
136,56.96875
138,56.96875
140,56.96875
142,56.96875
144,56.96875
145,56.96875
147,56.96875
148,56.96875
149,56.96875
150,56.96875
151,56.96875
152,56.96875
152,56.96875
153,56.96875
154,57.96875
155,57.96875
156,57.96875
157,58.96875
158,58.96875
158,58.96875
159,58.96875
159,59.96875
160,59.96875
161,60.96875
161,60.96875
162,60.96875
162,61.96875
163,61.96875
163,61.96875
164,61.96875
164,62.96875
164,62.96875
164,62.96875
164,62.96875
164,63.96875
163,63.96875
162,64.96875
161,65.96875
160,65.96875
158,66.96875
157,66.96875
155,67.96875
154,67.96875
153,68.96875
151,69.96875
150,69.96875
149,69.96875
148,70.96875
147,70.96875
146,70.96875
145,71.96875
144,71.96875
144,71.96875
143,71.96875
142,71.96875
141,71.96875
140,71.96875
138,71.96875
137,71.96875
136,72.96875
134,72.96875
133,72.96875
132,72.96875
131,73.96875
130,73.96875
129,73.96875
127,73.96875
126,73.96875
124,73.96875
123,73.96875
121,73.96875
120,73.96875
119,73.96875
117,73.96875
116,73.96875
114,74.96875
112,74.96875
111,74.96875
109,74.96875
107,74.96875
106,74.96875
104,74.96875
102,74.96875
101,74.96875
99,74.96875
98,74.96875
96,73.96875
95,73.96875
93,72.96875
92,72.96875
91,72.96875
90,71.96875
90,71.96875
90,71.96875
90,71.96875
90,70.96875
90,70.96875
90,70.96875
90,69.96875
90,69.96875
90,68.96875
91,68.96875
93,67.96875
95,67.96875
97,67.96875
99,67.96875
101,67.96875
103,67.96875
106,67.96875
108,67.96875
110,67.96875
114,68.96875
116,68.96875
119,69.96875
121,69.96875
123,69.96875
125,70.96875
128,70.96875
130,70.96875
133,70.96875
136,70.96875
137,70.96875
139,70.96875
141,70.96875
143,70.96875
144,70.96875
145,70.96875
146,70.96875
147,70.96875
148,70.96875
149,70.96875
149,70.96875
150,70.96875
150,70.96875
150,70.96875
151,70.96875
151,70.96875
151,70.96875
151,69.96875
151,69.96875
151,69.96875
151,69.96875
151,68.96875
151,68.96875
152,68.96875
152,67.96875
152,67.96875
152,66.96875
152,66.96875
152,66.96875
152,66.96875
151,65.96875
150,64.96875
148,64.96875
146,63.96875
144,63.96875
142,63.96875
139,63.96875
136,63.96875
133,63.96875
131,63.96875
129,63.96875
127,63.96875
125,63.96875
123,63.96875
122,63.96875
120,63.96875
118,63.96875
116,63.96875
113,63.96875
110,63.96875
106,63.96875
104,63.96875
101,63.96875
99,63.96875
98,63.96875
96,63.96875
95,62.96875
94,62.96875
94,62.96875
93,62.96875
92,62.96875
91,62.96875
90,62.96875
89,62.96875
89,62.96875
88,62.96875
88,62.96875
87,62.96875
87,62.96875
86,62.96875
86,62.96875
86,62.96875
87,63.96875
87,63.96875
88,64.96875
88,65.96875
89,66.96875
90,67.96875
90,68.96875
90,69.96875
90,70.96875
90,70.96875
90,71.96875
90,71.96875
90,71.96875
89,71.96875
89,69.96875
89,68.96875
88,66.96875
88,65.96875
88,64.96875
88,64.96875
88,63.96875
90,63.96875
91,63.96875
93,63.96875
94,64.96875
96,66.96875
97,67.96875
97,69.96875
98,70.96875
99,71.96875
99,72.96875
99,72.96875
98,72.96875
98,72.96875
98,72.96875
97,72.96875
97,71.96875
97,70.96875
97,69.96875
97,68.96875
97,68.96875
97,67.96875
99,67.96875
101,67.96875
103,67.96875
104,68.96875
106,69.96875
107,71.96875
108,73.96875
109,74.96875
109,75.96875
109,75.96875
109,75.96875
109,75.96875
108,75.96875
108,75.96875
106,75.96875
105,73.96875
105,72.96875
104,70.96875
104,69.96875
104,68.96875
104,67.96875
104,66.96875
105,66.96875
106,65.96875
107,65.96875
108,65.96875
110,65.96875
111,66.96875
111,67.96875
112,68.96875
112,69.96875
112,70.96875
112,70.96875
112,71.96875
111,71.96875
108,71.96875
105,69.96875
103,67.96875
100,64.96875
99,63.96875
99,63.96875
99,62.96875
99,62.96875
99,61.96875
101,61.96875
102,61.96875
104,61.96875
105,61.96875
107,62.96875
108,63.96875
111,65.96875
112,66.96875
114,67.96875
115,67.96875
116,68.96875
117,69.96875
118,69.96875
119,69.96875
120,69.96875
120,70.96875
120,70.96875
119,70.96875
118,70.96875
114,70.96875
111,70.96875
107,70.96875
103,70.96875
99,69.96875
96,69.96875
94,68.96875
92,68.96875
90,67.96875
90,67.96875
89,67.96875
89,67.96875
89,67.96875
89,66.96875
89,66.96875
89,66.96875
90,66.96875
90,65.96875
93,65.96875
96,65.96875
99,65.96875
104,65.96875
106,65.96875
108,65.96875
110,65.96875
112,65.96875
114,65.96875
115,65.96875
116,65.96875
117,65.96875
118,65.96875
118,65.96875
119,65.96875
120,65.96875
121,65.96875
122,65.96875
122,65.96875
123,64.96875
124,64.96875
125,64.96875
126,64.96875
128,63.96875
129,63.96875
131,63.96875
132,63.96875
134,62.96875
135,62.96875
136,62.96875
137,62.96875
138,62.96875
139,62.96875
140,62.96875
141,62.96875
142,62.96875
143,62.96875
144,62.96875
144,62.96875
145,62.96875
146,62.96875
146,62.96875
147,62.96875
147,62.96875
148,62.96875
148,62.96875
149,62.96875
150,62.96875
150,62.96875
151,62.96875
152,62.96875
152,62.96875
153,62.96875
153,62.96875
154,62.96875
154,62.96875
155,62.96875
155,62.96875
155,62.96875
156,62.96875
156,62.96875
156,62.96875
156,62.96875
156,62.96875
156,62.96875
156,62.96875
155,61.96875
154,61.96875
153,60.96875
152,59.96875
151,59.96875
150,58.96875
149,58.96875
147,58.96875
146,58.96875
145,58.96875
144,58.96875
143,58.96875
142,58.96875
141,58.96875
139,58.96875
138,58.96875
137,58.96875
136,58.96875
134,58.96875
133,58.96875
131,58.96875
130,58.96875
128,59.96875
127,59.96875
126,59.96875
124,59.96875
123,59.96875
122,59.96875
120,59.96875
119,59.96875
117,59.96875
116,59.96875
113,59.96875
112,59.96875
110,59.96875
109,59.96875
107,59.96875
104,59.96875
102,59.96875
100,59.96875
98,59.96875
96,59.96875
94,59.96875
93,59.96875
92,59.96875
91,59.96875
90,59.96875
89,59.96875
89,59.96875
89,59.96875
89,59.96875
89,60.96875
91,60.96875
97,63.96875
102,64.96875
107,65.96875
112,67.96875
118,68.96875
122,69.96875
127,69.96875
131,70.96875
135,70.96875
138,70.96875
141,71.96875
144,71.96875
146,71.96875
148,71.96875
149,71.96875
149,71.96875
150,71.96875
151,71.96875
150,71.96875
148,71.96875
144,70.96875
139,70.96875
136,70.96875
133,69.96875
129,69.96875
126,69.96875
124,69.96875
122,69.96875
120,69.96875
120,69.96875
119,69.96875
119,69.96875
119,69.96875
121,69.96875
123,69.96875
126,69.96875
129,69.96875
132,69.96875
135,69.96875
136,69.96875
138,69.96875
139,69.96875
141,69.96875
142,69.96875
143,69.96875
143,69.96875
143,69.96875
142,69.96875
140,69.96875
137,69.96875
134,69.96875
130,69.96875
127,68.96875
125,68.96875
124,67.96875
123,67.96875
123,67.96875
124,67.96875
126,67.96875
128,67.96875
131,67.96875
134,67.96875
138,67.96875
141,67.96875
144,67.96875
145,67.96875
146,67.96875
147,67.96875
148,67.96875
147,67.96875
145,67.96875
142,67.96875
139,67.96875
134,66.96875
132,65.96875
131,65.96875
130,65.96875
130,65.96875
130,64.96875
130,64.96875
132,64.96875
135,64.96875
137,64.96875
141,64.96875
143,64.96875
147,64.96875
149,64.96875
152,65.96875
153,65.96875
154,65.96875
155,66.96875
156,66.96875
156,66.96875
157,67.96875
157,67.96875
157,66.96875
157,66.96875
158,66.96875
158,65.96875
158,65.96875
158,65.96875
158,64.96875
158,65.96875
158,66.96875
158,66.96875
159,67.96875
159,68.96875
159,68.96875
160,69.96875
160,69.96875
160,69.96875
160,69.96875
160,70.96875
160,70.96875
160,70.96875
160,71.96875
160,71.96875
159,72.96875
158,73.96875
157,73.96875
156,73.96875
155,74.96875
154,74.96875
152,75.96875
150,75.96875
149,75.96875
147,75.96875
145,75.96875
144,75.96875
142,75.96875
139,75.96875
137,75.96875
136,75.96875
135,76.96875
134,76.96875
133,76.96875
132,76.96875
131,76.96875
130,76.96875
130,76.96875
128,76.96875
128,76.96875
127,76.96875
126,76.96875
125,76.96875
125,76.96875
124,76.96875
123,76.96875
122,76.96875
122,76.96875
121,76.96875
120,76.96875
120,76.96875
120,76.96875
119,76.96875
119,76.96875
119,76.96875
118,76.96875
118,76.96875
117,76.96875
116,76.96875
115,76.96875
114,76.96875
114,76.96875
113,76.96875
113,76.96875
112,76.96875
113,76.96875
117,76.96875
120,76.96875
123,76.96875
126,76.96875
129,76.96875
132,76.96875
134,76.96875
136,76.96875
138,76.96875
140,76.96875
142,76.96875
143,76.96875
145,75.96875
146,75.96875
147,75.96875
148,75.96875
148,75.96875
149,75.96875
150,74.96875
150,74.96875
151,74.96875
152,74.96875
153,74.96875
153,73.96875
154,73.96875
155,73.96875
155,73.96875
156,73.96875
156,73.96875
156,72.96875
157,72.96875
157,72.96875
157,72.96875
158,72.96875
158,72.96875
158,72.96875
159,72.96875
159,72.96875
159,72.96875
160,71.96875
160,71.96875
160,71.96875
160,71.96875
160,71.96875
160,70.96875
160,70.96875
160,70.96875
160,70.96875
160,69.96875
160,69.96875
160,69.96875
160,68.96875
160,68.96875
160,68.96875
160,68.96875
160,67.96875
160,67.96875
160,67.96875
160,67.96875
159,66.96875
159,66.96875
159,65.96875
158,65.96875
158,65.96875
158,64.96875
157,64.96875
157,64.96875
156,63.96875
155,63.96875
155,63.96875
153,62.96875
153,62.96875
151,62.96875
150,62.96875
149,62.96875
147,62.96875
145,62.96875
143,62.96875
141,63.96875
139,63.96875
136,64.96875
135,65.96875
132,66.96875
130,68.96875
128,69.96875
127,69.96875
126,70.96875
126,70.96875
125,71.96875
124,71.96875
124,71.96875
124,71.96875
124,72.96875
124,72.96875
123,72.96875
123,72.96875
122,72.96875
122,73.96875
121,73.96875
120,73.96875
120,74.96875
120,74.96875
119,74.96875
119,74.96875
119,74.96875
119,74.96875
119,75.96875
119,75.96875
119,75.96875
119,75.96875
119,76.96875
119,77.96875
119,78.96875
119,80.96875
119,82.96875
119,83.96875
119,85.96875
119,86.96875
119,87.96875
119,89.96875
119,90.96875
119,91.96875
119,92.96875
119,93.96875
119,94.96875
119,96.96875
119,97.96875
118,99.96875
118,101.96875
118,103.96875
117,104.96875
117,106.96875
117,107.96875
117,109.96875
117,110.96875
117,112.96875
117,113.96875
116,114.96875
116,115.96875
116,117.96875
115,118.96875
115,120.96875
114,121.96875
114,122.96875
114,123.96875
114,124.96875
114,125.96875
114,126.96875
114,127.96875
114,128.96875
114,130.96875
114,131.96875
114,133.96875
113,134.96875
113,135.96875
113,136.96875
113,137.96875
113,137.96875
113,138.96875
113,138.96875
113,138.96875
113,139.96875
113,139.96875
113,140.96875
114,141.96875
114,142.96875
114,144.96875
114,145.96875
114,146.96875
114,147.96875
114,148.96875
114,149.96875
114,151.96875
115,152.96875
115,153.96875
115,154.96875
115,154.96875
115,156.96875
115,157.96875
115,158.96875
115,159.96875
115,160.96875
115,160.96875
115,161.96875
115,162.96875
115,163.96875
115,163.96875
115,164.96875
115,165.96875
115,165.96875
115,166.96875
115,166.96875
115,167.96875
115,167.96875
115,167.96875
115,167.96875
115,168.96875
115,168.96875
115,168.96875
115,169.96875
115,169.96875
115,170.96875
115,171.96875
115,171.96875
115,172.96875
115,175.96875
115,177.96875
116,179.96875
117,182.96875
117,183.96875
117,184.96875
117,185.96875
117,186.96875
117,186.96875
118,186.96875
118,187.96875
118,187.96875
118,187.96875
118,188.96875
119,188.96875
119,188.96875
119,188.96875
120,188.96875
121,188.96875
121,189.96875
123,189.96875
123,189.96875
124,189.96875
125,189.96875
125,188.96875
126,188.96875
126,187.96875
127,185.96875
128,183.96875
128,181.96875
128,179.96875
129,177.96875
129,176.96875
130,174.96875
131,173.96875
131,172.96875
132,171.96875
132,169.96875
133,168.96875
133,166.96875
133,163.96875
133,161.96875
133,160.96875
133,157.96875
133,154.96875
133,151.96875
133,148.96875
133,145.96875
133,142.96875
133,139.96875
133,136.96875
132,133.96875
132,129.96875
132,127.96875
132,125.96875
132,122.96875
132,120.96875
132,118.96875
132,116.96875
131,113.96875
131,111.96875
131,109.96875
130,108.96875
130,105.96875
130,104.96875
130,103.96875
130,102.96875
129,101.96875
129,98.96875
129,95.96875
129,93.96875
129,91.96875
129,90.96875
129,89.96875
128,88.96875
128,87.96875
128,85.96875
128,84.96875
128,83.96875
128,82.96875
128,82.96875
128,81.96875
128,80.96875
127,80.96875
127,79.96875
127,79.96875
127,79.96875
127,79.96875
127,79.96875
126,79.96875
126,79.96875
125,79.96875
125,79.96875
125,79.96875
125,79.96875
124,79.96875
124,80.96875
124,80.96875
124,81.96875
123,82.96875
123,83.96875
123,85.96875
123,89.96875
123,92.96875
123,95.96875
123,99.96875
123,101.96875
123,103.96875
123,106.96875
123,108.96875
123,112.96875
123,115.96875
123,119.96875
123,125.96875
123,130.96875
123,134.96875
123,138.96875
123,142.96875
123,145.96875
123,148.96875
123,150.96875
122,151.96875
122,152.96875
122,153.96875
121,153.96875
121,153.96875
121,152.96875
121,147.96875
121,143.96875
121,138.96875
121,132.96875
121,126.96875
121,121.96875
121,117.96875
120,112.96875
119,108.96875
118,101.96875
117,98.96875
116,96.96875
116,93.96875
116,91.96875
115,90.96875
115,88.96875
115,87.96875
115,86.96875
115,85.96875
115,84.96875
115,83.96875
115,83.96875
115,82.96875
115,82.96875
115,81.96875
115,81.96875
115,82.96875
115,83.96875
115,86.96875
115,90.96875
115,94.96875
115,98.96875
115,101.96875
115,105.96875
115,107.96875
115,110.96875
115,112.96875
115,115.96875
115,118.96875
116,120.96875
116,123.96875
116,126.96875
116,127.96875
116,129.96875
116,130.96875
116,132.96875
116,133.96875
116,134.96875
116,135.96875
116,136.96875
116,136.96875
116,136.96875
116,136.96875
116,136.96875
116,136.96875
117,134.96875
117,132.96875
117,128.96875
118,123.96875
118,117.96875
118,112.96875
119,107.96875
120,100.96875
120,95.96875
120,89.96875
120,86.96875
121,83.96875
121,81.96875
121,80.96875
121,78.96875
122,78.96875
122,77.96875
122,77.96875
122,76.96875
122,76.96875
122,76.96875
122,78.96875
123,84.96875
124,88.96875
124,93.96875
125,98.96875
126,102.96875
127,107.96875
128,111.96875
129,115.96875
130,118.96875
130,121.96875
131,123.96875
131,126.96875
131,128.96875
131,130.96875
131,131.96875
131,132.96875
131,132.96875
131,131.96875
131,129.96875
131,126.96875
130,123.96875
129,119.96875
129,115.96875
129,110.96875
128,104.96875
128,101.96875
127,95.96875
127,92.96875
126,89.96875
126,86.96875
126,84.96875
126,83.96875
126,82.96875
126,82.96875
126,81.96875
126,81.96875
125,81.96875
125,85.96875
125,89.96875
125,96.96875
125,102.96875
125,109.96875
125,117.96875
124,125.96875
124,134.96875
124,141.96875
124,146.96875
124,151.96875
124,155.96875
124,158.96875
124,161.96875
124,164.96875
123,166.96875
123,169.96875
122,170.96875
121,172.96875
120,174.96875
120,176.96875
120,177.96875
120,178.96875
119,179.96875
119,180.96875
119,181.96875
118,182.96875
118,183.96875
117,184.96875
117,184.96875
117,185.96875
117,184.96875
117,182.96875
117,179.96875
117,175.96875
117,171.96875
117,166.96875
117,162.96875
117,157.96875
117,154.96875
117,151.96875
117,149.96875
117,147.96875
117,146.96875
117,146.96875
117,145.96875
117,145.96875
117,145.96875
117,146.96875
117,149.96875
117,156.96875
117,162.96875
117,166.96875
118,171.96875
118,175.96875
119,179.96875
119,181.96875
119,182.96875
119,184.96875
119,185.96875
119,186.96875
119,186.96875
119,186.96875
120,186.96875
120,186.96875
120,185.96875
120,183.96875
120,180.96875
120,175.96875
120,170.96875
120,165.96875
120,161.96875
120,154.96875
120,151.96875
120,148.96875
120,146.96875
120,144.96875
120,143.96875
120,142.96875
120,141.96875
120,141.96875
120,141.96875
120,141.96875
120,143.96875
120,147.96875
121,153.96875
121,159.96875
122,165.96875
123,169.96875
124,174.96875
125,177.96875
125,181.96875
126,183.96875
126,184.96875
127,185.96875
127,186.96875
128,186.96875
128,186.96875
128,186.96875
128,184.96875
128,182.96875
128,179.96875
129,173.96875
129,169.96875
129,165.96875
129,161.96875
129,157.96875
129,153.96875
129,150.96875
128,146.96875
128,144.96875
127,142.96875
126,140.96875
126,139.96875
126,138.96875
126,137.96875
126,137.96875
126,136.96875
126,136.96875
126,136.96875
126,137.96875
126,140.96875
126,146.96875
127,151.96875
127,155.96875
127,159.96875
127,162.96875
127,164.96875
127,165.96875
127,166.96875
127,166.96875
127,167.96875
127,166.96875
128,164.96875
128,162.96875
128,159.96875
128,155.96875
128,152.96875
128,148.96875
128,145.96875
128,142.96875
129,139.96875
129,137.96875
129,133.96875
129,131.96875
129,129.96875
129,127.96875
129,126.96875
129,125.96875
129,124.96875
129,124.96875
128,123.96875
128,122.96875
128,122.96875
128,122.96875
128,122.96875
128,122.96875
128,123.96875
128,126.96875
128,130.96875
128,134.96875
129,138.96875
130,143.96875
131,148.96875
132,152.96875
132,155.96875
132,158.96875
132,161.96875
132,164.96875
131,166.96875
131,168.96875
130,170.96875
129,171.96875
129,172.96875
128,174.96875
127,175.96875
127,176.96875
127,177.96875
126,178.96875
126,178.96875
126,179.96875
126,179.96875
125,180.96875
125,181.96875
125,183.96875
125,184.96875
124,185.96875
124,186.96875
124,187.96875
124,187.96875
124,187.96875
123,187.96875
123,188.96875
123,188.96875
123,188.96875
123,188.96875
123,189.96875
123,189.96875
123,190.96875
122,191.96875
122,192.96875
121,192.96875
121,192.96875
121,192.96875
120,192.96875
120,192.96875
119,192.96875
118,192.96875
117,192.96875
117,192.96875
116,192.96875
114,192.96875
113,192.96875
113,192.96875
112,192.96875
111,192.96875
110,192.96875
109,192.96875
108,192.96875
107,192.96875
106,192.96875
104,192.96875
103,192.96875
102,192.96875
100,192.96875
99,192.96875
98,192.96875
98,191.96875
97,191.96875
96,190.96875
95,190.96875
94,189.96875
94,189.96875
93,188.96875
93,188.96875
92,187.96875
92,186.96875
92,186.96875
92,185.96875
92,184.96875
92,183.96875
92,182.96875
92,180.96875
92,180.96875
93,178.96875
94,178.96875
96,177.96875
98,175.96875
100,175.96875
102,175.96875
104,174.96875
107,174.96875
110,174.96875
112,173.96875
115,173.96875
117,173.96875
120,173.96875
122,173.96875
124,172.96875
127,172.96875
129,172.96875
132,172.96875
134,172.96875
135,172.96875
137,172.96875
138,172.96875
140,172.96875
141,172.96875
142,172.96875
143,172.96875
144,172.96875
146,172.96875
147,172.96875
148,172.96875
149,172.96875
149,172.96875
150,172.96875
151,172.96875
151,172.96875
152,172.96875
152,172.96875
152,172.96875
153,172.96875
153,172.96875
153,173.96875
153,173.96875
153,173.96875
153,174.96875
153,175.96875
153,175.96875
153,176.96875
154,177.96875
154,178.96875
154,178.96875
155,178.96875
155,179.96875
155,179.96875
155,179.96875
155,179.96875
155,179.96875
155,180.96875
155,180.96875
155,180.96875
155,181.96875
155,181.96875
155,182.96875
154,183.96875
154,184.96875
153,185.96875
152,185.96875
151,186.96875
150,187.96875
148,187.96875
146,188.96875
144,188.96875
142,189.96875
140,190.96875
137,190.96875
135,191.96875
132,192.96875
130,192.96875
127,193.96875
124,193.96875
121,193.96875
118,193.96875
116,193.96875
114,193.96875
112,193.96875
109,193.96875
107,193.96875
105,193.96875
103,193.96875
102,193.96875
101,193.96875
100,193.96875
99,192.96875
98,192.96875
98,191.96875
98,191.96875
97,191.96875
97,190.96875
97,190.96875
97,190.96875
97,189.96875
98,188.96875
98,187.96875
99,186.96875
100,184.96875
102,184.96875
104,183.96875
107,182.96875
111,182.96875
114,181.96875
118,181.96875
121,181.96875
124,181.96875
127,181.96875
130,181.96875
132,181.96875
135,180.96875
137,180.96875
139,180.96875
141,180.96875
142,180.96875
143,180.96875
144,180.96875
145,180.96875
145,180.96875
146,180.96875
146,180.96875
147,180.96875
148,180.96875
148,180.96875
149,180.96875
149,180.96875
149,181.96875
149,182.96875
149,182.96875
149,183.96875
147,185.96875
145,186.96875
141,188.96875
138,189.96875
133,190.96875
130,190.96875
126,191.96875
123,192.96875
121,192.96875
118,192.96875
116,192.96875
113,192.96875
111,192.96875
108,192.96875
106,192.96875
104,191.96875
102,191.96875
101,190.96875
101,190.96875
100,190.96875
100,190.96875
100,189.96875
100,188.96875
100,187.96875
100,186.96875
101,184.96875
103,183.96875
106,182.96875
110,180.96875
114,179.96875
121,179.96875
128,179.96875
133,179.96875
135,179.96875
137,179.96875
139,179.96875
141,179.96875
142,179.96875
144,179.96875
145,178.96875
147,178.96875
147,178.96875
148,178.96875
149,178.96875
150,178.96875
150,178.96875
151,178.96875
151,178.96875
151,178.96875
152,178.96875
152,178.96875
152,178.96875
153,178.96875
153,178.96875
153,178.96875
153,178.96875
154,179.96875
154,179.96875
155,179.96875
155,179.96875
155,179.96875
155,179.96875
156,179.96875
156,179.96875
156,180.96875
156,180.96875
157,180.96875
157,180.96875
157,180.96875
157,181.96875
157,181.96875
157,182.96875
157,183.96875
157,184.96875
157,185.96875
157,186.96875
157,187.96875
156,188.96875
155,189.96875
153,189.96875
152,190.96875
150,191.96875
149,191.96875
147,192.96875
145,192.96875
143,193.96875
141,193.96875
138,193.96875
136,193.96875
131,193.96875
129,193.96875
126,193.96875
123,193.96875
117,194.96875
115,194.96875
111,194.96875
109,194.96875
106,194.96875
104,194.96875
102,193.96875
101,193.96875
99,192.96875
97,190.96875
96,190.96875
95,189.96875
95,189.96875
94,188.96875
94,188.96875
94,188.96875
94,187.96875
95,186.96875
100,184.96875
106,181.96875
110,179.96875
114,178.96875
118,178.96875
122,178.96875
125,178.96875
128,178.96875
130,178.96875
133,178.96875
136,178.96875
138,178.96875
139,178.96875
141,178.96875
142,178.96875
145,178.96875
147,178.96875
148,178.96875
149,178.96875
150,178.96875
151,178.96875
152,178.96875
152,178.96875
152,178.96875
152,179.96875
152,179.96875
152,179.96875
152,180.96875
151,182.96875
148,183.96875
145,184.96875
141,185.96875
138,187.96875
133,187.96875
127,188.96875
124,188.96875
120,189.96875
117,189.96875
114,189.96875
112,189.96875
110,189.96875
108,189.96875
107,189.96875
106,189.96875
106,189.96875
105,189.96875
105,188.96875
105,188.96875
105,187.96875
105,187.96875
106,186.96875
108,185.96875
112,184.96875
117,183.96875
122,182.96875
127,182.96875
131,182.96875
137,182.96875
140,182.96875
142,182.96875
144,182.96875
145,182.96875
145,182.96875
146,182.96875
146,182.96875
146,182.96875
147,182.96875
146,182.96875
141,182.96875
135,182.96875
128,181.96875
123,180.96875
118,178.96875
114,178.96875
112,177.96875
111,177.96875
110,177.96875
111,177.96875
117,177.96875
121,177.96875
125,178.96875
128,179.96875
132,180.96875
135,180.96875
137,181.96875
138,181.96875
138,181.96875
138,181.96875
138,181.96875
137,182.96875
132,182.96875
129,182.96875
123,182.96875
118,182.96875
113,182.96875
109,182.96875
106,182.96875
103,182.96875
102,182.96875
102,182.96875
102,182.96875
103,182.96875
105,184.96875
106,185.96875
107,185.96875
107,186.96875
107,188.96875
106,188.96875
105,189.96875
103,189.96875
101,189.96875
100,189.96875
98,189.96875
97,189.96875
96,189.96875
95,189.96875
95,188.96875
94,188.96875
94,187.96875
94,186.96875
94,185.96875
94,184.96875
94,184.96875
94,183.96875
94,183.96875
95,182.96875
96,182.96875
98,182.96875
99,181.96875
100,181.96875
101,181.96875
102,181.96875
103,181.96875
104,182.96875
104,183.96875
104,184.96875
104,185.96875
104,185.96875
102,186.96875
101,186.96875
100,186.96875
99,186.96875
97,186.96875
96,185.96875
96,184.96875
96,183.96875
96,183.96875
96,182.96875
96,181.96875
96,181.96875
97,180.96875
99,180.96875
100,180.96875
101,179.96875
104,179.96875
105,179.96875
107,179.96875
107,179.96875
108,180.96875
108,180.96875
108,181.96875
107,182.96875
105,182.96875
102,182.96875
101,182.96875
100,182.96875
99,182.96875
99,182.96875
99,181.96875
99,181.96875
99,180.96875
100,179.96875
100,178.96875
102,177.96875
103,177.96875
105,177.96875
108,177.96875
110,177.96875
115,177.96875
120,179.96875
123,179.96875
125,180.96875
128,180.96875
130,180.96875
132,180.96875
133,180.96875
135,180.96875
136,180.96875
137,180.96875
137,180.96875
138,180.96875
139,180.96875
140,180.96875
140,180.96875
142,179.96875
142,179.96875
143,179.96875
145,179.96875
146,178.96875
147,178.96875
147,178.96875
148,178.96875
148,178.96875
149,178.96875
150,178.96875
151,177.96875
151,177.96875
151,177.96875
151,177.96875
151,177.96875
151,176.96875
148,175.96875
146,174.96875
143,173.96875
141,172.96875
140,172.96875
139,171.96875
138,171.96875
137,171.96875
137,171.96875
137,171.96875
137,171.96875
138,171.96875
139,171.96875
141,171.96875
143,171.96875
147,172.96875
149,172.96875
150,172.96875
151,172.96875
152,172.96875
152,172.96875
152,172.96875
151,172.96875
149,172.96875
146,172.96875
143,172.96875
142,172.96875
140,172.96875
139,172.96875
138,172.96875
137,173.96875
136,174.96875
136,174.96875
135,174.96875
134,175.96875
134,175.96875
134,175.96875
133,175.96875
134,175.96875
134,175.96875
136,175.96875
138,175.96875
140,175.96875
142,175.96875
144,175.96875
145,176.96875
146,176.96875
146,176.96875
146,176.96875
145,176.96875
143,176.96875
140,176.96875
137,176.96875
134,176.96875
132,176.96875
130,176.96875
129,176.96875
129,176.96875
129,176.96875
130,176.96875
133,177.96875
136,177.96875
140,177.96875
144,178.96875
147,178.96875
150,178.96875
152,178.96875
153,178.96875
154,178.96875
154,178.96875
154,178.96875
154,178.96875
154,179.96875
154,180.96875
155,180.96875
155,182.96875
156,183.96875
156,184.96875
156,185.96875
157,186.96875
157,186.96875
157,186.96875
157,187.96875
157,187.96875
157,187.96875
157,187.96875
156,185.96875
155,184.96875
154,183.96875
153,182.96875
151,181.96875
151,180.96875
149,179.96875
149,179.96875
148,179.96875
147,179.96875
147,179.96875
147,179.96875
146,180.96875
146,182.96875
146,183.96875
145,184.96875
144,185.96875
143,186.96875
142,186.96875
140,186.96875
138,187.96875
134,187.96875
130,187.96875
125,187.96875
119,186.96875
113,186.96875
108,185.96875
104,185.96875
100,185.96875
97,185.96875
96,185.96875
95,185.96875
95,185.96875
96,185.96875
97,185.96875
100,185.96875
103,185.96875
106,185.96875
111,186.96875
116,186.96875
120,186.96875
124,186.96875
127,186.96875
129,186.96875
132,186.96875
134,186.96875
135,186.96875
137,185.96875
139,185.96875
140,185.96875
141,185.96875
143,185.96875
144,185.96875
145,185.96875
145,185.96875
146,185.96875
146,185.96875
146,185.96875
147,185.96875
148,185.96875
149,185.96875
149,185.96875
150,185.96875
150,185.96875
151,185.96875
151,185.96875
151,184.96875
151,184.96875
151,184.96875
151,184.96875
151,183.96875
150,183.96875
150,183.96875
149,183.96875
148,183.96875
147,183.96875
147,183.96875
146,183.96875
146,183.96875
145,183.96875
146,183.96875
146,183.96875
146,183.96875
147,183.96875
147,183.96875
147,183.96875
147,183.96875
148,183.96875
148,183.96875
149,183.96875
149,183.96875
150,183.96875
150,183.96875
150,183.96875
151,183.96875
151,183.96875
151,183.96875
152,183.96875
152,183.96875
153,183.96875
154,183.96875
155,183.96875
156,183.96875
156,183.96875
157,183.96875
158,183.96875
159,183.96875
159,183.96875
160,183.96875
161,183.96875
162,183.96875
162,183.96875
163,182.96875
164,182.96875
164,182.96875
165,182.96875
166,182.96875
166,182.96875
167,182.96875
168,182.96875
168,182.96875
169,181.96875
170,181.96875
171,181.96875
172,181.96875
173,180.96875
175,180.96875
176,180.96875
178,180.96875
180,180.96875
182,180.96875
186,179.96875
188,178.96875
191,178.96875
193,177.96875
195,177.96875
197,176.96875
200,176.96875
201,175.96875
204,175.96875
206,174.96875
207,174.96875
209,174.96875
212,173.96875
213,173.96875
214,173.96875
216,173.96875
216,173.96875
218,173.96875
219,173.96875
220,173.96875
220,173.96875
221,173.96875
222,173.96875
223,172.96875
224,172.96875
224,172.96875
225,172.96875
225,172.96875
225,172.96875
225,172.96875
225,172.96875
225,172.96875
225,173.96875
225,173.96875
225,174.96875
226,174.96875
226,174.96875
227,174.96875
227,173.96875
228,173.96875
230,172.96875
231,172.96875
232,171.96875
234,170.96875
236,169.96875
237,168.96875
239,167.96875
240,167.96875
242,166.96875
244,165.96875
245,164.96875
248,162.96875
249,161.96875
250,160.96875
252,159.96875
253,158.96875
254,157.96875
255,157.96875
257,156.96875
258,155.96875
259,154.96875
260,153.96875
261,153.96875
262,151.96875
263,151.96875
264,150.96875
264,149.96875
265,148.96875
266,148.96875
266,147.96875
267,146.96875
268,145.96875
268,144.96875
269,143.96875
269,142.96875
269,140.96875
270,139.96875
270,138.96875
270,137.96875
271,135.96875
271,135.96875
271,133.96875
271,132.96875
271,131.96875
271,131.96875
271,130.96875
271,130.96875
271,129.96875
271,130.96875
271,130.96875
271,130.96875
271,132.96875
271,133.96875
271,135.96875
271,136.96875
272,138.96875
272,140.96875
273,142.96875
274,144.96875
274,145.96875
275,147.96875
275,148.96875
276,149.96875
276,150.96875
277,152.96875
278,153.96875
278,154.96875
279,155.96875
279,156.96875
280,157.96875
281,158.96875
282,159.96875
282,160.96875
283,161.96875
284,162.96875
285,163.96875
287,164.96875
288,165.96875
289,166.96875
290,167.96875
291,168.96875
293,169.96875
294,170.96875
295,171.96875
296,172.96875
298,173.96875
299,174.96875
300,174.96875
302,175.96875
303,175.96875
305,176.96875
306,176.96875
308,176.96875
309,176.96875
311,176.96875
313,176.96875
315,176.96875
317,176.96875
319,176.96875
321,176.96875
323,175.96875
325,174.96875
326,174.96875
327,173.96875
328,172.96875
329,171.96875
329,170.96875
330,169.96875
331,167.96875
332,165.96875
332,163.96875
333,161.96875
333,159.96875
334,156.96875
334,153.96875
334,151.96875
334,148.96875
333,146.96875
331,142.96875
330,138.96875
329,136.96875
327,133.96875
325,129.96875
323,126.96875
322,124.96875
319,119.96875
316,115.96875
314,113.96875
313,109.96875
310,106.96875
309,103.96875
306,100.96875
305,97.96875
303,95.96875
301,92.96875
299,90.96875
298,87.96875
295,84.96875
293,83.96875
292,81.96875
291,80.96875
290,79.96875
289,78.96875
288,77.96875
287,76.96875
286,75.96875
286,74.96875
285,74.96875
285,73.96875
285,72.96875
284,71.96875
284,70.96875
283,70.96875
283,69.96875
283,68.96875
282,67.96875
281,67.96875
281,66.96875
280,66.96875
280,65.96875
280,65.96875
279,65.96875
279,64.96875
279,64.96875
279,64.96875
279,64.96875
278,64.96875
278,64.96875
278,64.96875
278,64.96875
276,63.96875
276,63.96875
275,63.96875
274,61.96875
273,60.96875
272,59.96875
271,58.96875
271,57.96875
270,56.96875
269,56.96875
269,55.96875
268,55.96875
268,54.96875
268,54.96875
267,54.96875
267,54.96875
267,54.96875
267,54.96875
267,54.96875
266,54.96875
266,54.96875
266,54.96875
265,54.96875
264,55.96875
263,57.96875
261,60.96875
259,62.96875
258,65.96875
256,67.96875
254,71.96875
253,73.96875
251,77.96875
249,81.96875
247,84.96875
246,88.96875
244,91.96875
243,95.96875
242,100.96875
240,103.96875
239,106.96875
237,110.96875
236,112.96875
234,115.96875
233,117.96875
231,120.96875
230,122.96875
229,124.96875
229,126.96875
228,127.96875
226,130.96875
225,132.96875
224,133.96875
224,135.96875
223,136.96875
222,138.96875
222,138.96875
221,140.96875
220,141.96875
220,143.96875
219,144.96875
219,146.96875
218,148.96875
217,149.96875
217,149.96875
217,149.96875
217,150.96875
217,151.96875
217,155.96875
217,159.96875
217,162.96875
217,164.96875
217,167.96875
217,169.96875
217,171.96875
217,172.96875
217,173.96875
217,174.96875
217,175.96875
217,176.96875
217,177.96875
218,177.96875
218,178.96875
218,178.96875
218,179.96875
219,179.96875
219,179.96875
219,180.96875
220,180.96875
220,180.96875
221,180.96875
221,180.96875
222,180.96875
223,181.96875
224,181.96875
225,181.96875
226,181.96875
227,181.96875
228,181.96875
229,181.96875
230,181.96875
232,181.96875
233,181.96875
235,181.96875
236,181.96875
238,181.96875
240,180.96875
241,180.96875
243,179.96875
244,179.96875
246,178.96875
247,178.96875
249,177.96875
250,176.96875
251,175.96875
252,174.96875
254,173.96875
256,171.96875
257,170.96875
258,168.96875
258,166.96875
259,164.96875
260,163.96875
261,161.96875
261,160.96875
262,159.96875
263,158.96875
263,157.96875
264,156.96875
264,154.96875
265,153.96875
266,152.96875
266,152.96875
267,150.96875
267,149.96875
268,148.96875
269,147.96875
269,146.96875
270,145.96875
270,144.96875
271,143.96875
271,142.96875
271,142.96875
272,141.96875
272,141.96875
272,140.96875
272,140.96875
272,140.96875
272,139.96875
272,139.96875
272,139.96875
272,138.96875
272,138.96875
272,138.96875
272,138.96875
272,138.96875
272,139.96875
272,141.96875
272,143.96875
272,146.96875
271,151.96875
270,154.96875
269,156.96875
268,159.96875
267,162.96875
267,163.96875
266,165.96875
265,167.96875
264,168.96875
263,169.96875
262,171.96875
261,172.96875
258,174.96875
257,175.96875
255,176.96875
254,177.96875
252,177.96875
250,178.96875
249,179.96875
247,179.96875
245,180.96875
244,180.96875
242,180.96875
240,180.96875
239,180.96875
237,180.96875
236,180.96875
235,180.96875
233,180.96875
232,180.96875
231,180.96875
229,180.96875
228,180.96875
227,180.96875
226,180.96875
225,180.96875
224,180.96875
224,180.96875
224,180.96875
223,179.96875
223,179.96875
223,179.96875
223,179.96875
223,178.96875
224,178.96875
224,178.96875
227,178.96875
229,178.96875
233,178.96875
236,178.96875
239,177.96875
242,177.96875
244,176.96875
245,176.96875
247,175.96875
248,174.96875
250,173.96875
251,171.96875
252,170.96875
253,169.96875
254,168.96875
255,167.96875
256,166.96875
257,165.96875
258,164.96875
259,163.96875
260,162.96875
261,161.96875
262,160.96875
263,159.96875
263,158.96875
264,157.96875
265,156.96875
266,156.96875
266,155.96875
267,155.96875
268,154.96875
268,153.96875
269,153.96875
269,152.96875
270,152.96875
270,152.96875
270,152.96875
269,153.96875
267,155.96875
265,157.96875
263,159.96875
261,162.96875
258,164.96875
256,167.96875
254,169.96875
252,171.96875
250,173.96875
248,174.96875
246,175.96875
245,176.96875
243,177.96875
242,177.96875
241,178.96875
240,179.96875
239,179.96875
238,179.96875
237,179.96875
236,179.96875
235,179.96875
235,179.96875
233,179.96875
232,179.96875
230,179.96875
229,179.96875
227,178.96875
226,178.96875
225,177.96875
225,176.96875
224,176.96875
224,175.96875
224,175.96875
224,174.96875
224,173.96875
224,171.96875
224,170.96875
224,168.96875
224,167.96875
224,165.96875
224,164.96875
224,162.96875
224,160.96875
224,159.96875
224,157.96875
224,155.96875
225,153.96875
225,151.96875
225,149.96875
226,148.96875
226,146.96875
227,144.96875
228,143.96875
229,140.96875
229,138.96875
230,137.96875
230,136.96875
231,135.96875
231,135.96875
231,135.96875
231,134.96875
231,134.96875
230,135.96875
229,136.96875
228,138.96875
227,140.96875
226,142.96875
225,144.96875
224,148.96875
223,150.96875
223,153.96875
222,155.96875
222,158.96875
222,159.96875
221,161.96875
221,162.96875
221,163.96875
221,164.96875
221,165.96875
221,166.96875
221,167.96875
221,169.96875
221,170.96875
221,171.96875
221,173.96875
221,174.96875
221,176.96875
221,176.96875
221,178.96875
221,179.96875
221,180.96875
221,180.96875
221,181.96875
221,181.96875
221,182.96875
221,182.96875
221,183.96875
221,183.96875
221,183.96875
220,182.96875
219,180.96875
219,178.96875
218,175.96875
217,173.96875
217,170.96875
216,167.96875
216,165.96875
216,163.96875
216,162.96875
216,161.96875
216,160.96875
216,159.96875
216,157.96875
216,156.96875
216,156.96875
216,154.96875
217,154.96875
218,152.96875
218,151.96875
219,150.96875
220,150.96875
221,149.96875
221,148.96875
222,147.96875
222,147.96875
223,146.96875
224,145.96875
224,144.96875
224,143.96875
225,142.96875
225,142.96875
225,141.96875
225,141.96875
225,142.96875
225,144.96875
225,145.96875
225,149.96875
225,152.96875
225,157.96875
225,161.96875
225,163.96875
225,165.96875
225,167.96875
225,168.96875
225,170.96875
226,171.96875
227,172.96875
227,173.96875
228,174.96875
228,175.96875
229,176.96875
230,176.96875
231,177.96875
231,177.96875
232,177.96875
233,177.96875
234,177.96875
236,177.96875
238,177.96875
239,177.96875
240,177.96875
242,177.96875
243,176.96875
245,175.96875
246,175.96875
247,173.96875
248,173.96875
249,172.96875
250,171.96875
250,170.96875
251,169.96875
252,168.96875
252,167.96875
253,166.96875
254,166.96875
254,164.96875
255,164.96875
255,164.96875
255,163.96875
254,163.96875
252,165.96875
248,167.96875
246,168.96875
243,170.96875
240,172.96875
238,172.96875
237,173.96875
236,173.96875
235,173.96875
234,173.96875
234,173.96875
233,173.96875
234,173.96875
235,173.96875
236,173.96875
239,172.96875
242,172.96875
245,171.96875
248,170.96875
251,169.96875
253,168.96875
255,167.96875
256,166.96875
257,166.96875
257,165.96875
258,165.96875
257,165.96875
255,165.96875
252,166.96875
251,166.96875
247,168.96875
245,169.96875
242,171.96875
240,172.96875
238,172.96875
237,173.96875
237,173.96875
237,173.96875
239,173.96875
242,171.96875
246,169.96875
248,168.96875
253,165.96875
258,162.96875
260,161.96875
263,158.96875
264,157.96875
265,156.96875
266,156.96875
267,155.96875
267,155.96875
267,154.96875
268,154.96875
268,154.96875
268,154.96875
268,153.96875
268,153.96875
268,154.96875
268,155.96875
267,157.96875
266,160.96875
265,163.96875
264,165.96875
263,166.96875
263,167.96875
262,168.96875
262,169.96875
262,169.96875
261,170.96875
261,170.96875
261,170.96875
261,170.96875
262,169.96875
262,168.96875
263,167.96875
264,166.96875
265,164.96875
266,163.96875
266,163.96875
266,163.96875
267,162.96875
266,163.96875
264,164.96875
262,165.96875
260,166.96875
257,169.96875
254,170.96875
251,171.96875
248,172.96875
246,173.96875
243,174.96875
241,175.96875
239,175.96875
238,176.96875
237,176.96875
236,176.96875
235,176.96875
234,176.96875
233,176.96875
233,176.96875
232,176.96875
232,175.96875
231,175.96875
230,174.96875
230,171.96875
229,169.96875
229,166.96875
229,164.96875
229,162.96875
229,159.96875
229,157.96875
229,155.96875
230,153.96875
231,152.96875
231,150.96875
232,149.96875
232,148.96875
233,146.96875
234,144.96875
234,143.96875
235,142.96875
235,140.96875
236,139.96875
237,138.96875
237,137.96875
238,135.96875
238,134.96875
239,133.96875
240,133.96875
241,132.96875
242,131.96875
242,130.96875
244,129.96875
245,128.96875
246,127.96875
247,126.96875
248,125.96875
248,125.96875
249,124.96875
249,124.96875
249,123.96875
249,121.96875
249,120.96875
249,118.96875
249,116.96875
250,114.96875
251,111.96875
251,106.96875
252,100.96875
252,96.96875
253,94.96875
254,90.96875
255,86.96875
256,84.96875
256,81.96875
257,79.96875
258,77.96875
259,75.96875
260,73.96875
260,72.96875
261,70.96875
262,68.96875
263,66.96875
264,65.96875
265,64.96875
265,63.96875
266,62.96875
266,62.96875
266,61.96875
266,61.96875
266,61.96875
267,61.96875
267,61.96875
267,60.96875
267,60.96875
267,60.96875
267,60.96875
268,60.96875
268,60.96875
268,61.96875
269,62.96875
270,63.96875
271,64.96875
271,65.96875
272,65.96875
272,65.96875
272,65.96875
273,66.96875
272,66.96875
271,66.96875
270,67.96875
269,68.96875
268,69.96875
266,71.96875
265,74.96875
263,77.96875
262,80.96875
260,82.96875
259,85.96875
258,87.96875
257,90.96875
255,94.96875
254,97.96875
253,101.96875
251,106.96875
250,109.96875
249,113.96875
248,115.96875
246,118.96875
245,120.96875
244,123.96875
243,125.96875
240,127.96875
239,129.96875
237,130.96875
236,131.96875
236,132.96875
235,132.96875
236,131.96875
239,129.96875
242,126.96875
245,122.96875
249,118.96875
252,112.96875
254,106.96875
256,100.96875
257,96.96875
258,92.96875
259,90.96875
260,88.96875
260,87.96875
260,87.96875
260,86.96875
260,87.96875
258,90.96875
254,99.96875
252,107.96875
249,115.96875
248,120.96875
246,125.96875
244,129.96875
243,131.96875
243,132.96875
242,133.96875
241,134.96875
241,134.96875
241,134.96875
241,131.96875
243,128.96875
245,125.96875
247,122.96875
249,116.96875
250,113.96875
251,109.96875
253,104.96875
253,101.96875
253,99.96875
253,98.96875
253,98.96875
253,97.96875
253,97.96875
252,98.96875
249,101.96875
245,107.96875
240,114.96875
233,124.96875
231,128.96875
229,132.96875
228,134.96875
227,136.96875
226,136.96875
226,137.96875
226,137.96875
228,136.96875
229,135.96875
232,133.96875
234,131.96875
236,128.96875
237,125.96875
239,121.96875
241,118.96875
242,114.96875
244,111.96875
245,108.96875
246,106.96875
246,104.96875
247,103.96875
247,103.96875
247,102.96875
247,103.96875
245,106.96875
243,111.96875
240,118.96875
237,124.96875
236,128.96875
234,132.96875
233,135.96875
232,137.96875
232,138.96875
231,138.96875
232,138.96875
233,136.96875
234,133.96875
236,128.96875
238,122.96875
241,114.96875
243,104.96875
245,96.96875
247,88.96875
249,81.96875
251,75.96875
253,70.96875
254,66.96875
256,63.96875
256,62.96875
256,61.96875
256,61.96875
256,62.96875
255,65.96875
254,70.96875
253,74.96875
252,79.96875
250,86.96875
250,92.96875
249,96.96875
249,100.96875
249,104.96875
249,106.96875
249,108.96875
249,110.96875
248,111.96875
248,112.96875
248,112.96875
248,113.96875
248,112.96875
249,110.96875
250,104.96875
254,96.96875
256,91.96875
257,89.96875
258,84.96875
260,80.96875
261,76.96875
263,72.96875
263,71.96875
263,70.96875
264,70.96875
264,69.96875
264,69.96875
264,69.96875
264,68.96875
265,68.96875
265,68.96875
265,67.96875
265,67.96875
265,67.96875
266,67.96875
266,67.96875
267,67.96875
269,69.96875
271,71.96875
274,74.96875
277,78.96875
281,82.96875
283,84.96875
289,90.96875
290,93.96875
292,96.96875
293,97.96875
293,99.96875
294,101.96875
294,102.96875
294,104.96875
295,105.96875
295,105.96875
295,105.96875
292,102.96875
288,98.96875
283,92.96875
279,87.96875
277,85.96875
276,83.96875
274,80.96875
273,79.96875
273,77.96875
272,77.96875
273,78.96875
275,79.96875
280,85.96875
284,88.96875
289,93.96875
296,99.96875
299,103.96875
301,105.96875
302,106.96875
302,106.96875
302,106.96875
300,103.96875
295,99.96875
291,93.96875
286,88.96875
283,84.96875
281,81.96875
279,77.96875
276,72.96875
276,71.96875
275,70.96875
275,70.96875
275,70.96875
275,70.96875
277,72.96875
280,74.96875
283,77.96875
286,82.96875
288,84.96875
290,86.96875
291,88.96875
291,88.96875
292,89.96875
292,89.96875
292,89.96875
290,87.96875
286,83.96875
282,79.96875
280,75.96875
277,72.96875
275,69.96875
274,67.96875
273,66.96875
273,65.96875
273,65.96875
273,64.96875
273,65.96875
274,66.96875
277,69.96875
280,72.96875
282,76.96875
284,79.96875
285,82.96875
286,83.96875
286,84.96875
286,85.96875
285,85.96875
283,83.96875
277,78.96875
271,72.96875
265,66.96875
261,63.96875
258,61.96875
257,59.96875
256,59.96875
256,59.96875
257,61.96875
259,63.96875
262,65.96875
266,68.96875
268,70.96875
271,72.96875
273,75.96875
275,77.96875
277,79.96875
278,80.96875
279,82.96875
280,83.96875
281,85.96875
282,86.96875
282,86.96875
282,86.96875
280,85.96875
276,82.96875
270,77.96875
265,74.96875
261,70.96875
258,68.96875
258,67.96875
258,68.96875
260,70.96875
263,72.96875
267,75.96875
270,78.96875
273,80.96875
276,82.96875
278,84.96875
280,87.96875
280,87.96875
281,87.96875
280,87.96875
278,85.96875
273,80.96875
270,78.96875
269,77.96875
268,77.96875
270,78.96875
276,84.96875
285,93.96875
299,112.96875
306,122.96875
309,127.96875
312,131.96875
313,133.96875
314,134.96875
314,134.96875
314,134.96875
312,132.96875
310,129.96875
306,125.96875
300,116.96875
295,108.96875
292,102.96875
289,97.96875
286,92.96875
286,91.96875
285,91.96875
285,90.96875
286,90.96875
289,92.96875
293,96.96875
297,101.96875
301,108.96875
305,115.96875
312,126.96875
314,130.96875
317,133.96875
318,134.96875
319,135.96875
319,135.96875
319,134.96875
317,132.96875
312,124.96875
305,116.96875
300,108.96875
297,103.96875
292,96.96875
290,92.96875
289,89.96875
288,88.96875
288,87.96875
288,87.96875
288,87.96875
290,89.96875
295,94.96875
300,100.96875
305,108.96875
312,118.96875
314,122.96875
317,125.96875
319,127.96875
320,128.96875
320,128.96875
320,127.96875
317,123.96875
311,113.96875
304,105.96875
299,99.96875
295,93.96875
292,90.96875
291,88.96875
291,88.96875
291,87.96875
291,87.96875
291,87.96875
295,91.96875
299,97.96875
305,105.96875
310,114.96875
314,122.96875
318,131.96875
319,134.96875
320,137.96875
321,138.96875
321,139.96875
321,139.96875
321,139.96875
319,139.96875
317,137.96875
315,136.96875
313,134.96875
312,133.96875
311,131.96875
311,130.96875
310,130.96875
309,130.96875
309,131.96875
310,133.96875
311,137.96875
313,141.96875
314,144.96875
315,148.96875
316,152.96875
317,154.96875
317,156.96875
318,157.96875
318,159.96875
319,160.96875
319,160.96875
319,162.96875
320,162.96875
320,163.96875
320,163.96875
320,163.96875
320,163.96875
320,160.96875
318,153.96875
316,146.96875
314,141.96875
313,135.96875
312,133.96875
312,132.96875
312,131.96875
312,130.96875
312,130.96875
313,132.96875
315,134.96875
317,137.96875
319,140.96875
321,145.96875
322,150.96875
323,153.96875
323,156.96875
324,158.96875
324,159.96875
324,160.96875
324,160.96875
324,160.96875
324,160.96875
324,157.96875
324,154.96875
320,142.96875
318,138.96875
317,134.96875
316,131.96875
315,129.96875
315,129.96875
315,130.96875
316,132.96875
318,137.96875
320,141.96875
322,149.96875
323,153.96875
324,157.96875
324,159.96875
324,160.96875
324,160.96875
325,161.96875
325,161.96875
325,160.96875
325,159.96875
325,155.96875
325,151.96875
325,148.96875
325,142.96875
324,140.96875
323,137.96875
323,136.96875
322,135.96875
322,135.96875
322,134.96875
322,135.96875
322,137.96875
324,141.96875
325,146.96875
327,151.96875
328,154.96875
328,155.96875
328,157.96875
329,157.96875
329,157.96875
329,157.96875
329,156.96875
329,154.96875
328,149.96875
326,144.96875
324,141.96875
323,138.96875
322,137.96875
322,137.96875
322,137.96875
323,138.96875
324,142.96875
325,145.96875
327,150.96875
327,153.96875
328,156.96875
329,159.96875
329,161.96875
329,162.96875
329,162.96875
329,163.96875
328,164.96875
327,165.96875
325,167.96875
323,168.96875
321,170.96875
319,171.96875
316,172.96875
314,173.96875
312,173.96875
307,173.96875
305,173.96875
302,173.96875
301,173.96875
298,172.96875
296,171.96875
294,171.96875
293,169.96875
292,168.96875
291,167.96875
290,166.96875
290,165.96875
288,162.96875
288,161.96875
287,159.96875
286,158.96875
285,155.96875
283,152.96875
282,150.96875
282,149.96875
280,146.96875
279,145.96875
279,145.96875
278,143.96875
278,143.96875
278,142.96875
278,142.96875
278,143.96875
280,144.96875
283,146.96875
287,150.96875
289,152.96875
292,156.96875
295,159.96875
297,161.96875
300,163.96875
301,165.96875
302,165.96875
303,166.96875
304,167.96875
304,167.96875
303,167.96875
301,167.96875
298,165.96875
294,162.96875
290,159.96875
287,156.96875
286,155.96875
284,152.96875
282,150.96875
280,149.96875
278,146.96875
277,145.96875
276,144.96875
275,143.96875
275,143.96875
275,143.96875
274,143.96875
274,143.96875
273,142.96875
273,141.96875
272,141.96875
271,141.96875
271,141.96875
271,140.96875
270,140.96875
271,140.96875
272,141.96875
275,144.96875
279,146.96875
282,150.96875
285,153.96875
288,156.96875
292,159.96875
295,162.96875
297,164.96875
299,165.96875
300,166.96875
301,167.96875
302,167.96875
302,167.96875
302,167.96875
299,166.96875
290,160.96875
283,154.96875
279,151.96875
275,148.96875
272,145.96875
271,144.96875
270,143.96875
269,143.96875
269,142.96875
269,143.96875
271,143.96875
273,145.96875
275,147.96875
277,150.96875
279,151.96875
282,153.96875
282,154.96875
283,154.96875
283,154.96875
283,154.96875
283,153.96875
280,151.96875
279,149.96875
277,148.96875
276,146.96875
275,145.96875
274,144.96875
274,143.96875
273,142.96875
272,141.96875
272,141.96875
272,140.96875
272,140.96875
272,139.96875
272,139.96875
271,139.96875
271,139.96875
271,139.96875
270,139.96875
269,139.96875
268,139.96875
267,140.96875
266,141.96875
265,143.96875
264,144.96875
264,146.96875
263,147.96875
263,147.96875
263,148.96875
262,149.96875
262,150.96875
261,151.96875
261,152.96875
261,153.96875
261,154.96875
261,155.96875
260,156.96875
260,158.96875
260,159.96875
259,160.96875
258,161.96875
258,162.96875
258,162.96875
257,163.96875
257,162.96875
259,160.96875
261,157.96875
262,153.96875
264,149.96875
265,147.96875
266,144.96875
267,141.96875
267,139.96875
267,138.96875
267,137.96875
267,136.96875
267,136.96875
267,135.96875
267,135.96875
267,134.96875
267,134.96875
267,134.96875
267,135.96875
266,136.96875
266,139.96875
265,141.96875
264,144.96875
263,147.96875
262,149.96875
261,151.96875
260,154.96875
259,156.96875
258,157.96875
257,158.96875
257,159.96875
256,160.96875
256,160.96875
255,161.96875
255,162.96875
254,162.96875
254,162.96875
253,162.96875
253,162.96875
252,162.96875
252,162.96875
252,162.96875
251,162.96875
251,162.96875
250,162.96875
250,162.96875
249,162.96875
250,162.96875
251,162.96875
253,162.96875
255,161.96875
257,160.96875
260,159.96875
261,159.96875
263,157.96875
264,156.96875
264,155.96875
265,153.96875
266,150.96875
267,148.96875
268,146.96875
268,145.96875
269,144.96875
269,143.96875
270,141.96875
271,140.96875
271,138.96875
272,138.96875
272,137.96875
272,136.96875
273,135.96875
273,135.96875
273,135.96875
273,134.96875
273,134.96875
273,134.96875
274,134.96875
276,135.96875
279,138.96875
281,140.96875
285,144.96875
288,147.96875
291,150.96875
293,153.96875
295,155.96875
295,156.96875
296,157.96875
296,157.96875
296,157.96875
296,157.96875
293,157.96875
290,157.96875
286,153.96875
281,149.96875
277,146.96875
274,142.96875
271,140.96875
270,139.96875
269,137.96875
268,137.96875
268,136.96875
268,136.96875
270,137.96875
273,139.96875
276,141.96875
278,143.96875
281,148.96875
282,149.96875
283,150.96875
283,150.96875
283,149.96875
278,145.96875
274,142.96875
271,139.96875
270,138.96875
270,138.96875
271,138.96875
274,141.96875
277,143.96875
281,147.96875
285,151.96875
286,153.96875
287,154.96875
287,154.96875
287,154.96875
287,154.96875
286,154.96875
286,155.96875
286,156.96875
287,158.96875
290,161.96875
294,165.96875
296,167.96875
298,168.96875
299,169.96875
300,170.96875
302,170.96875
302,170.96875
303,171.96875
303,171.96875
303,171.96875
298,170.96875
294,168.96875
290,166.96875
285,164.96875
284,162.96875
283,162.96875
283,161.96875
283,160.96875
283,160.96875
285,160.96875
289,162.96875
293,163.96875
296,165.96875
301,167.96875
305,169.96875
308,170.96875
309,170.96875
311,170.96875
312,170.96875
314,170.96875
314,170.96875
316,170.96875
316,170.96875
317,170.96875
318,170.96875
318,170.96875
318,170.96875
318,169.96875
315,169.96875
312,169.96875
309,169.96875
307,169.96875
304,168.96875
302,168.96875
300,167.96875
300,167.96875
299,167.96875
299,166.96875
299,166.96875
300,166.96875
301,166.96875
304,166.96875
307,166.96875
310,166.96875
312,166.96875
314,166.96875
316,166.96875
318,166.96875
319,166.96875
320,166.96875
321,165.96875
322,165.96875
323,164.96875
323,164.96875
324,163.96875
324,162.96875
324,161.96875
324,160.96875
324,158.96875
324,157.96875
324,155.96875
324,155.96875
324,154.96875
324,153.96875
323,153.96875
323,153.96875
323,153.96875
323,154.96875
322,158.96875
321,161.96875
321,165.96875
321,167.96875
321,169.96875
321,170.96875
321,171.96875
321,171.96875
321,171.96875
322,171.96875
323,171.96875
323,171.96875
326,168.96875
327,162.96875
327,157.96875
327,152.96875
327,149.96875
327,147.96875
327,145.96875
326,144.96875
324,142.96875
323,141.96875
322,140.96875
322,139.96875
321,137.96875
320,136.96875
320,136.96875
320,136.96875
320,139.96875
323,143.96875
325,147.96875
328,150.96875
329,152.96875
330,155.96875
330,155.96875
330,155.96875
330,155.96875
330,154.96875
327,148.96875
325,143.96875
323,138.96875
321,133.96875
319,129.96875
317,127.96875
316,126.96875
316,125.96875
316,125.96875
316,125.96875
316,125.96875
317,125.96875
317,126.96875
319,128.96875
320,130.96875
322,133.96875
323,135.96875
324,137.96875
325,139.96875
326,142.96875
326,144.96875
327,148.96875
327,150.96875
327,154.96875
327,158.96875
327,160.96875
327,164.96875
327,168.96875
327,169.96875
327,171.96875
326,172.96875
326,173.96875
324,175.96875
324,175.96875
322,176.96875
321,176.96875
319,177.96875
317,177.96875
316,177.96875
314,177.96875
312,177.96875
310,176.96875
309,176.96875
308,174.96875
307,174.96875
306,173.96875
306,173.96875
306,173.96875
308,173.96875
311,173.96875
314,173.96875
318,174.96875
322,174.96875
324,174.96875
326,174.96875
327,174.96875
328,173.96875
329,173.96875
330,172.96875
330,172.96875
331,171.96875
331,170.96875
331,169.96875
331,169.96875
331,167.96875
331,165.96875
331,163.96875
331,161.96875
330,158.96875
329,155.96875
329,152.96875
328,149.96875
327,147.96875
326,145.96875
325,143.96875
324,141.96875
324,139.96875
323,137.96875
322,135.96875
322,134.96875
321,133.96875
321,133.96875
321,133.96875
322,134.96875
323,135.96875
324,136.96875
325,138.96875
326,140.96875
327,141.96875
328,142.96875
328,143.96875
329,144.96875
330,145.96875
330,145.96875
330,146.96875
330,145.96875
330,143.96875
328,140.96875
327,136.96875
325,134.96875
323,132.96875
323,130.96875
321,128.96875
321,127.96875
320,126.96875
320,126.96875
320,126.96875
320,127.96875
320,129.96875
320,135.96875
322,138.96875
324,142.96875
326,145.96875
327,146.96875
327,148.96875
328,149.96875
328,150.96875
328,151.96875
329,152.96875
329,153.96875
330,154.96875
330,155.96875
330,156.96875
330,157.96875
330,158.96875
330,159.96875
330,159.96875
330,159.96875
330,158.96875
329,158.96875
329,158.96875
329,158.96875
329,158.96875
329,159.96875
329,159.96875
328,160.96875
328,162.96875
328,163.96875
328,164.96875
328,165.96875
328,166.96875
328,167.96875
328,168.96875
328,169.96875
328,170.96875
328,171.96875
328,171.96875
328,172.96875
328,173.96875
328,173.96875
328,174.96875
328,174.96875
327,174.96875
327,174.96875
327,174.96875
327,174.96875
327,174.96875
327,174.96875
327,175.96875
326,175.96875
326,175.96875
325,176.96875
325,176.96875
324,177.96875
324,178.96875
323,178.96875
323,178.96875
323,178.96875
324,178.96875
324,178.96875
324,178.96875
325,178.96875
325,178.96875
325,178.96875
325,178.96875
326,178.96875
326,178.96875
327,179.96875
327,179.96875
328,179.96875
328,179.96875
328,180.96875
328,180.96875
328,180.96875
329,180.96875
330,181.96875
331,181.96875
332,181.96875
333,182.96875
334,182.96875
334,182.96875
336,183.96875
336,183.96875
337,183.96875
338,184.96875
338,184.96875
339,185.96875
340,185.96875
341,185.96875
342,186.96875
343,186.96875
344,186.96875
345,187.96875
346,187.96875
347,187.96875
348,188.96875
350,188.96875
350,188.96875
351,188.96875
352,188.96875
352,188.96875
353,189.96875
354,189.96875
355,189.96875
356,190.96875
357,190.96875
358,190.96875
359,191.96875
360,191.96875
362,192.96875
363,193.96875
364,193.96875
367,194.96875
369,194.96875
371,195.96875
374,195.96875
375,195.96875
376,195.96875
377,195.96875
379,195.96875
380,195.96875
381,195.96875
382,195.96875
383,195.96875
383,195.96875
383,195.96875
384,195.96875
384,195.96875
384,195.96875
385,196.96875
385,197.96875
386,196.96875
388,194.96875
391,191.96875
394,190.96875
397,187.96875
399,185.96875
401,183.96875
403,181.96875
404,179.96875
405,176.96875
406,175.96875
407,173.96875
408,171.96875
408,170.96875
408,168.96875
409,165.96875
409,162.96875
410,158.96875
410,155.96875
411,152.96875
411,149.96875
411,148.96875
412,145.96875
412,143.96875
414,138.96875
415,133.96875
417,129.96875
418,127.96875
419,124.96875
420,122.96875
421,120.96875
422,118.96875
423,117.96875
423,116.96875
424,113.96875
425,111.96875
426,109.96875
427,107.96875
428,105.96875
429,103.96875
430,101.96875
432,98.96875
433,96.96875
433,94.96875
434,93.96875
435,93.96875
436,92.96875
436,92.96875
437,91.96875
437,91.96875
438,91.96875
439,90.96875
440,90.96875
440,90.96875
440,90.96875
440,90.96875
440,92.96875
440,97.96875
440,103.96875
440,110.96875
441,115.96875
441,122.96875
443,132.96875
443,136.96875
444,139.96875
444,143.96875
444,147.96875
444,150.96875
444,156.96875
444,160.96875
445,163.96875
445,169.96875
445,174.96875
445,177.96875
445,181.96875
445,184.96875
445,186.96875
445,188.96875
445,190.96875
445,191.96875
445,192.96875
446,193.96875
446,193.96875
446,194.96875
446,194.96875
446,194.96875
446,195.96875
446,196.96875
446,197.96875
446,198.96875
446,199.96875
446,200.96875
446,201.96875
446,201.96875
446,201.96875
447,201.96875
449,201.96875
451,200.96875
453,200.96875
456,200.96875
457,200.96875
458,200.96875
459,200.96875
459,200.96875
460,200.96875
461,200.96875
462,200.96875
462,200.96875
462,200.96875
463,200.96875
463,200.96875
464,199.96875
465,199.96875
465,199.96875
466,199.96875
467,199.96875
467,198.96875
467,198.96875
468,198.96875
468,198.96875
468,198.96875
469,198.96875
469,198.96875
470,198.96875
470,197.96875
470,197.96875
469,197.96875
469,197.96875
469,197.96875
469,196.96875
469,196.96875
469,195.96875
469,194.96875
468,192.96875
468,188.96875
467,186.96875
466,181.96875
466,177.96875
465,170.96875
464,162.96875
463,154.96875
461,144.96875
458,128.96875
457,122.96875
455,115.96875
454,110.96875
454,105.96875
453,99.96875
452,92.96875
452,86.96875
451,80.96875
451,77.96875
452,77.96875
452,77.96875
452,78.96875
452,79.96875
452,78.96875
452,75.96875
450,70.96875
449,67.96875
449,65.96875
448,63.96875
447,62.96875
447,61.96875
446,60.96875
446,60.96875
445,60.96875
443,61.96875
441,62.96875
439,65.96875
435,70.96875
432,75.96875
430,78.96875
427,82.96875
424,87.96875
421,93.96875
419,96.96875
417,100.96875
415,103.96875
411,113.96875
410,118.96875
407,125.96875
404,127.96875
402,130.96875
400,131.96875
398,133.96875
397,134.96875
397,134.96875
397,135.96875
397,138.96875
397,142.96875
397,146.96875
397,150.96875
396,154.96875
395,158.96875
394,160.96875
392,162.96875
391,164.96875
391,165.96875
391,166.96875
391,167.96875
390,168.96875
390,169.96875
389,169.96875
389,170.96875
389,170.96875
389,170.96875
388,170.96875
387,166.96875
386,160.96875
385,153.96875
384,146.96875
383,137.96875
382,131.96875
381,125.96875
380,119.96875
377,109.96875
374,100.96875
372,93.96875
371,89.96875
370,87.96875
370,83.96875
370,81.96875
370,79.96875
370,77.96875
370,75.96875
370,73.96875
370,71.96875
370,69.96875
370,66.96875
370,65.96875
370,64.96875
370,64.96875
370,63.96875
370,63.96875
370,62.96875
370,61.96875
370,61.96875
370,60.96875
370,59.96875
370,59.96875
370,59.96875
370,59.96875
371,59.96875
372,59.96875
375,59.96875
377,59.96875
379,58.96875
380,58.96875
381,58.96875
382,58.96875
383,58.96875
384,58.96875
384,58.96875
384,59.96875
384,63.96875
384,68.96875
384,78.96875
384,92.96875
385,102.96875
387,112.96875
388,119.96875
388,129.96875
388,135.96875
388,140.96875
389,145.96875
389,150.96875
390,155.96875
390,159.96875
390,164.96875
390,171.96875
390,175.96875
390,179.96875
390,183.96875
390,187.96875
391,188.96875
391,189.96875
391,190.96875
391,190.96875
390,190.96875
389,190.96875
388,190.96875
387,190.96875
386,190.96875
385,191.96875
384,191.96875
383,191.96875
382,192.96875
381,192.96875
380,192.96875
380,192.96875
380,192.96875
379,192.96875
378,188.96875
376,181.96875
376,170.96875
376,154.96875
376,145.96875
376,138.96875
376,131.96875
376,126.96875
376,121.96875
375,114.96875
374,109.96875
373,102.96875
372,97.96875
371,93.96875
371,89.96875
371,87.96875
371,86.96875
371,86.96875
371,86.96875
371,91.96875
371,100.96875
372,114.96875
373,128.96875
377,145.96875
379,157.96875
382,167.96875
383,180.96875
383,186.96875
384,194.96875
385,198.96875
385,201.96875
385,203.96875
385,203.96875
385,200.96875
383,195.96875
380,181.96875
378,167.96875
378,157.96875
378,146.96875
378,140.96875
378,134.96875
378,128.96875
378,124.96875
378,121.96875
377,120.96875
377,119.96875
377,122.96875
379,128.96875
382,139.96875
387,158.96875
390,179.96875
390,188.96875
390,194.96875
390,198.96875
390,199.96875
390,200.96875
390,199.96875
390,196.96875
389,188.96875
387,177.96875
385,166.96875
382,153.96875
380,145.96875
379,135.96875
378,126.96875
378,122.96875
378,118.96875
377,116.96875
377,115.96875
377,115.96875
377,120.96875
379,131.96875
380,141.96875
382,151.96875
382,154.96875
382,155.96875
382,155.96875
382,155.96875
382,152.96875
382,143.96875
382,134.96875
382,127.96875
382,114.96875
382,106.96875
381,95.96875
381,89.96875
381,85.96875
381,82.96875
381,81.96875
381,81.96875
381,83.96875
381,81.96875
378,73.96875
375,66.96875
373,60.96875
371,55.96875
371,53.96875
371,52.96875
371,52.96875
371,53.96875
371,56.96875
371,62.96875
371,69.96875
374,81.96875
375,86.96875
376,92.96875
376,97.96875
376,100.96875
376,104.96875
376,105.96875
376,106.96875
376,101.96875
376,95.96875
374,84.96875
373,76.96875
373,67.96875
372,63.96875
372,62.96875
372,62.96875
372,63.96875
372,68.96875
374,77.96875
375,85.96875
375,91.96875
375,99.96875
375,104.96875
375,107.96875
375,108.96875
375,106.96875
375,102.96875
376,90.96875
376,83.96875
377,74.96875
377,70.96875
377,68.96875
377,67.96875
377,66.96875
377,66.96875
377,66.96875
378,70.96875
378,77.96875
378,78.96875
378,78.96875
378,78.96875
378,76.96875
378,73.96875
378,70.96875
378,68.96875
378,66.96875
378,65.96875
378,66.96875
378,68.96875
378,72.96875
378,75.96875
378,78.96875
378,78.96875
378,78.96875
378,77.96875
378,75.96875
378,74.96875
378,73.96875
378,72.96875
378,72.96875
378,72.96875
378,71.96875
378,70.96875
378,69.96875
378,68.96875
378,68.96875
378,68.96875
378,67.96875
378,67.96875
378,67.96875
378,66.96875
378,65.96875
378,64.96875
377,63.96875
377,63.96875
376,63.96875
375,63.96875
373,63.96875
370,63.96875
368,63.96875
366,63.96875
364,64.96875
363,64.96875
363,64.96875
362,64.96875
361,65.96875
361,65.96875
360,65.96875
360,65.96875
360,65.96875
359,65.96875
359,65.96875
359,65.96875
358,65.96875
357,65.96875
356,65.96875
354,65.96875
353,64.96875
352,62.96875
352,62.96875
352,61.96875
352,60.96875
352,59.96875
352,57.96875
353,55.96875
355,54.96875
357,53.96875
361,51.96875
364,51.96875
368,51.96875
372,51.96875
377,51.96875
381,51.96875
384,51.96875
386,51.96875
388,51.96875
389,51.96875
390,51.96875
391,51.96875
391,51.96875
391,53.96875
391,54.96875
392,55.96875
392,56.96875
392,57.96875
392,58.96875
391,59.96875
388,61.96875
384,63.96875
379,64.96875
375,65.96875
370,65.96875
365,65.96875
361,65.96875
358,65.96875
356,65.96875
355,64.96875
355,64.96875
355,62.96875
358,57.96875
364,54.96875
369,53.96875
374,53.96875
381,53.96875
385,53.96875
389,53.96875
391,53.96875
392,53.96875
393,53.96875
394,53.96875
394,53.96875
393,54.96875
387,56.96875
381,58.96875
376,59.96875
370,61.96875
364,63.96875
362,63.96875
360,63.96875
359,63.96875
359,63.96875
359,62.96875
359,61.96875
362,59.96875
369,58.96875
374,58.96875
379,58.96875
382,59.96875
383,60.96875
384,60.96875
384,60.96875
384,61.96875
380,64.96875
371,66.96875
358,67.96875
354,67.96875
351,67.96875
351,67.96875
351,66.96875
351,66.96875
355,65.96875
362,64.96875
372,64.96875
377,64.96875
380,64.96875
383,64.96875
384,64.96875
385,64.96875
385,64.96875
385,64.96875
385,65.96875
385,65.96875
384,67.96875
381,68.96875
379,69.96875
378,70.96875
378,70.96875
378,71.96875
379,72.96875
379,74.96875
380,76.96875
380,77.96875
381,78.96875
381,79.96875
381,78.96875
381,77.96875
381,72.96875
381,69.96875
381,63.96875
382,59.96875
382,58.96875
382,58.96875
382,59.96875
383,65.96875
384,69.96875
384,72.96875
384,73.96875
384,73.96875
384,73.96875
384,70.96875
384,66.96875
384,61.96875
384,59.96875
383,57.96875
383,56.96875
383,56.96875
383,56.96875
383,59.96875
383,64.96875
383,69.96875
383,71.96875
383,72.96875
383,72.96875
383,70.96875
382,67.96875
382,63.96875
381,60.96875
381,57.96875
381,57.96875
381,57.96875
381,59.96875
381,62.96875
381,66.96875
381,68.96875
381,69.96875
381,70.96875
381,70.96875
381,70.96875
381,70.96875
383,70.96875
385,70.96875
387,69.96875
389,68.96875
390,68.96875
392,68.96875
393,67.96875
394,67.96875
394,67.96875
395,67.96875
395,66.96875
395,66.96875
395,65.96875
396,64.96875
396,64.96875
396,63.96875
396,62.96875
396,60.96875
396,60.96875
396,59.96875
395,59.96875
392,59.96875
388,58.96875
385,58.96875
381,58.96875
380,58.96875
379,58.96875
380,58.96875
383,58.96875
386,59.96875
389,60.96875
391,61.96875
392,62.96875
393,62.96875
393,62.96875
393,62.96875
389,62.96875
386,62.96875
385,62.96875
385,62.96875
385,63.96875
388,64.96875
389,65.96875
391,65.96875
392,66.96875
393,66.96875
393,66.96875
393,66.96875
391,67.96875
387,67.96875
386,68.96875
386,68.96875
388,69.96875
391,70.96875
393,70.96875
394,70.96875
393,70.96875
390,70.96875
387,70.96875
379,69.96875
373,67.96875
370,66.96875
368,66.96875
367,66.96875
367,66.96875
367,66.96875
368,66.96875
372,65.96875
378,64.96875
381,64.96875
383,63.96875
384,63.96875
385,63.96875
385,63.96875
385,62.96875
385,62.96875
384,61.96875
383,61.96875
383,62.96875
382,67.96875
382,72.96875
382,84.96875
382,91.96875
382,100.96875
382,112.96875
382,124.96875
382,129.96875
382,133.96875
382,135.96875
382,137.96875
382,138.96875
382,139.96875
382,140.96875
382,142.96875
382,142.96875
382,130.96875
382,128.96875
382,127.96875
382,131.96875
384,136.96875
385,147.96875
387,158.96875
388,164.96875
390,171.96875
391,175.96875
392,178.96875
392,180.96875
393,181.96875
393,184.96875
393,185.96875
393,185.96875
394,185.96875
396,184.96875
400,178.96875
404,171.96875
408,162.96875
410,153.96875
411,150.96875
411,148.96875
412,147.96875
412,146.96875
411,147.96875
409,152.96875
404,165.96875
402,172.96875
400,179.96875
398,182.96875
396,184.96875
394,185.96875
393,185.96875
393,185.96875
393,183.96875
397,177.96875
400,171.96875
403,165.96875
406,157.96875
407,151.96875
408,148.96875
408,146.96875
408,146.96875
408,147.96875
405,153.96875
402,165.96875
398,178.96875
397,182.96875
397,183.96875
397,182.96875
397,178.96875
398,170.96875
400,155.96875
403,138.96875
404,133.96875
404,129.96875
405,128.96875
405,128.96875
405,129.96875
405,135.96875
403,145.96875
400,160.96875
398,167.96875
396,172.96875
395,176.96875
394,176.96875
395,174.96875
398,167.96875
404,156.96875
409,143.96875
414,128.96875
418,118.96875
419,114.96875
420,113.96875
420,112.96875
420,113.96875
418,123.96875
416,133.96875
414,143.96875
412,150.96875
410,152.96875
410,152.96875
410,150.96875
413,141.96875
417,126.96875
422,111.96875
425,104.96875
426,102.96875
426,103.96875
421,110.96875
412,126.96875
408,135.96875
405,143.96875
404,145.96875
404,145.96875
404,144.96875
406,139.96875
410,129.96875
413,118.96875
417,108.96875
423,95.96875
425,91.96875
426,90.96875
426,89.96875
426,89.96875
426,91.96875
425,95.96875
424,97.96875
421,102.96875
420,104.96875
419,107.96875
419,108.96875
417,108.96875
417,109.96875
416,110.96875
414,112.96875
411,116.96875
409,119.96875
407,124.96875
405,128.96875
402,133.96875
400,136.96875
399,138.96875
397,142.96875
397,144.96875
396,146.96875
395,149.96875
395,151.96875
394,153.96875
393,157.96875
392,160.96875
391,162.96875
388,166.96875
385,169.96875
384,171.96875
383,172.96875
382,173.96875
382,172.96875
386,169.96875
391,163.96875
397,156.96875
400,151.96875
402,147.96875
403,143.96875
404,141.96875
405,139.96875
406,137.96875
406,136.96875
406,136.96875
406,135.96875
406,136.96875
405,143.96875
401,156.96875
397,173.96875
397,176.96875
397,177.96875
397,175.96875
397,170.96875
401,160.96875
405,148.96875
411,130.96875
415,117.96875
418,111.96875
421,104.96875
423,100.96875
427,92.96875
429,89.96875
430,86.96875
431,83.96875
432,82.96875
432,82.96875
433,82.96875
433,82.96875
433,92.96875
433,91.96875
435,87.96875
437,84.96875
439,80.96875
440,78.96875
441,76.96875
442,75.96875
443,75.96875
443,75.96875
443,76.96875
443,79.96875
445,84.96875
446,93.96875
449,108.96875
450,122.96875
450,128.96875
450,129.96875
450,130.96875
450,126.96875
450,118.96875
448,104.96875
448,94.96875
448,86.96875
448,77.96875
448,70.96875
448,67.96875
448,66.96875
448,66.96875
448,66.96875
448,73.96875
450,85.96875
453,101.96875
454,115.96875
454,124.96875
454,133.96875
454,139.96875
454,140.96875
454,141.96875
453,136.96875
451,113.96875
448,100.96875
446,91.96875
444,83.96875
442,77.96875
442,76.96875
442,75.96875
442,75.96875
442,76.96875
439,79.96875
435,85.96875
431,89.96875
425,94.96875
421,98.96875
415,103.96875
413,104.96875
412,104.96875
414,104.96875
419,100.96875
424,95.96875
429,90.96875
433,86.96875
438,80.96875
443,75.96875
445,71.96875
447,70.96875
447,68.96875
447,69.96875
445,74.96875
442,82.96875
438,90.96875
436,95.96875
436,96.96875
436,96.96875
436,93.96875
437,89.96875
439,82.96875
440,80.96875
440,79.96875
440,78.96875
440,79.96875
440,82.96875
440,86.96875
440,88.96875
440,89.96875
440,88.96875
441,85.96875
442,80.96875
443,75.96875
443,72.96875
443,71.96875
443,70.96875
443,70.96875
441,72.96875
436,75.96875
434,77.96875
432,79.96875
431,80.96875
431,81.96875
431,80.96875
432,78.96875
435,74.96875
437,71.96875
438,69.96875
440,67.96875
440,66.96875
440,67.96875
438,71.96875
436,76.96875
433,83.96875
432,86.96875
432,87.96875
433,85.96875
436,81.96875
438,78.96875
440,74.96875
441,71.96875
442,69.96875
443,68.96875
443,67.96875
443,67.96875
444,67.96875
445,68.96875
448,75.96875
450,82.96875
452,96.96875
453,107.96875
454,124.96875
455,141.96875
455,152.96875
457,159.96875
458,162.96875
459,165.96875
460,167.96875
460,168.96875
459,168.96875
453,163.96875
446,154.96875
439,130.96875
439,121.96875
438,112.96875
438,108.96875
438,104.96875
438,103.96875
438,102.96875
438,102.96875
438,105.96875
444,114.96875
444,116.96875
445,126.96875
447,135.96875
448,147.96875
449,154.96875
449,156.96875
449,156.96875
449,156.96875
448,149.96875
444,141.96875
438,126.96875
435,114.96875
434,109.96875
434,106.96875
434,106.96875
434,106.96875
436,110.96875
440,122.96875
446,141.96875
448,148.96875
451,154.96875
452,155.96875
453,151.96875
448,140.96875
443,120.96875
441,107.96875
440,98.96875
440,96.96875
440,94.96875
439,94.96875
439,97.96875
439,105.96875
443,121.96875
445,130.96875
446,133.96875
447,133.96875
447,133.96875
447,128.96875
443,117.96875
439,105.96875
437,98.96875
436,96.96875
435,96.96875
435,96.96875
439,103.96875
443,108.96875
447,114.96875
450,121.96875
454,132.96875
457,142.96875
458,157.96875
457,177.96875
454,185.96875
453,190.96875
452,193.96875
452,195.96875
452,197.96875
452,197.96875
452,196.96875
450,190.96875
447,175.96875
445,164.96875
444,148.96875
443,143.96875
443,142.96875
443,142.96875
443,142.96875
443,149.96875
443,159.96875
444,180.96875
445,190.96875
445,193.96875
445,194.96875
446,195.96875
446,195.96875
446,195.96875
447,195.96875
448,194.96875
448,190.96875
448,190.96875
450,192.96875
451,193.96875
452,193.96875
451,183.96875
449,177.96875
447,170.96875
446,164.96875
446,163.96875
446,164.96875
446,170.96875
449,181.96875
450,189.96875
452,198.96875
452,200.96875
452,201.96875
452,200.96875
452,196.96875
452,184.96875
451,177.96875
448,166.96875
448,161.96875
448,158.96875
448,158.96875
449,158.96875
452,166.96875
457,176.96875
462,187.96875
464,192.96875
464,195.96875
465,198.96875
465,198.96875
465,198.96875
465,195.96875
464,188.96875
462,185.96875
459,180.96875
458,177.96875
456,175.96875
456,174.96875
456,176.96875
457,188.96875
459,198.96875
459,203.96875
459,206.96875
459,206.96875
459,205.96875
459,200.96875
459,192.96875
459,188.96875
459,187.96875
459,187.96875
459,187.96875
460,190.96875
460,194.96875
460,200.96875
460,201.96875
459,202.96875
458,203.96875
456,204.96875
455,204.96875
454,204.96875
451,204.96875
449,204.96875
447,204.96875
446,203.96875
443,203.96875
442,202.96875
441,202.96875
440,201.96875
439,200.96875
438,198.96875
437,197.96875
436,195.96875
436,194.96875
436,193.96875
436,191.96875
436,189.96875
438,187.96875
443,185.96875
450,184.96875
460,182.96875
468,182.96875
474,181.96875
479,180.96875
481,180.96875
482,180.96875
484,180.96875
486,180.96875
486,180.96875
487,180.96875
487,182.96875
487,184.96875
486,187.96875
483,190.96875
478,192.96875
471,194.96875
465,194.96875
457,194.96875
454,194.96875
450,194.96875
446,194.96875
442,192.96875
439,192.96875
438,191.96875
438,190.96875
438,188.96875
441,186.96875
447,184.96875
457,183.96875
465,183.96875
471,184.96875
474,184.96875
478,184.96875
480,185.96875
482,185.96875
484,185.96875
486,185.96875
487,185.96875
487,185.96875
487,186.96875
488,188.96875
488,190.96875
486,194.96875
475,198.96875
468,199.96875
457,200.96875
448,200.96875
440,200.96875
433,200.96875
429,199.96875
426,199.96875
426,198.96875
426,198.96875
426,197.96875
429,195.96875
432,193.96875
437,191.96875
445,190.96875
453,190.96875
460,190.96875
469,190.96875
473,190.96875
475,190.96875
477,190.96875
478,190.96875
479,190.96875
480,190.96875
480,190.96875
481,192.96875
481,193.96875
481,195.96875
477,197.96875
467,197.96875
459,197.96875
446,197.96875
440,197.96875
436,197.96875
435,197.96875
434,196.96875
434,196.96875
434,194.96875
435,192.96875
440,189.96875
450,186.96875
458,185.96875
464,185.96875
470,185.96875
475,185.96875
477,185.96875
478,185.96875
478,185.96875
478,185.96875
477,186.96875
476,186.96875
472,187.96875
465,187.96875
461,187.96875
460,187.96875
461,187.96875
465,187.96875
475,187.96875
481,187.96875
484,187.96875
485,187.96875
484,187.96875
481,187.96875
471,187.96875
462,188.96875
454,191.96875
451,192.96875
451,192.96875
461,192.96875
471,192.96875
475,192.96875
476,192.96875
475,192.96875
469,192.96875
460,193.96875
452,194.96875
446,195.96875
442,195.96875
441,196.96875
441,196.96875
441,196.96875
445,195.96875
451,195.96875
456,195.96875
457,195.96875
455,195.96875
451,196.96875
445,196.96875
442,196.96875
440,196.96875
438,196.96875
437,196.96875
437,196.96875
437,195.96875
438,192.96875
444,188.96875
452,186.96875
460,185.96875
464,185.96875
468,185.96875
471,185.96875
473,185.96875
475,185.96875
476,185.96875
477,184.96875
477,184.96875
478,184.96875
478,183.96875
478,183.96875
478,183.96875
478,183.96875
478,182.96875
479,182.96875
479,183.96875
479,183.96875
479,183.96875
479,183.96875
479,183.96875
480,183.96875
480,183.96875
480,183.96875
480,183.96875
481,183.96875
485,182.96875
501,180.96875
517,179.96875
538,179.96875
545,179.96875
549,179.96875
551,179.96875
552,179.96875
553,179.96875
553,179.96875
555,180.96875
558,182.96875
564,184.96875
569,186.96875
570,186.96875
571,186.96875
571,186.96875
573,188.96875
575,189.96875
577,191.96875
579,191.96875
580,191.96875
581,191.96875
581,192.96875
581,194.96875
570,201.96875
563,203.96875
555,204.96875
550,204.96875
545,202.96875
543,200.96875
541,198.96875
541,196.96875
541,193.96875
541,189.96875
543,187.96875
544,185.96875
552,182.96875
559,181.96875
567,181.96875
575,181.96875
581,182.96875
584,183.96875
586,183.96875
587,184.96875
589,185.96875
590,185.96875
591,186.96875
593,188.96875
595,191.96875
596,192.96875
596,194.96875
596,197.96875
593,199.96875
588,200.96875
576,200.96875
561,200.96875
546,200.96875
539,200.96875
533,200.96875
530,199.96875
529,197.96875
529,194.96875
532,188.96875
540,184.96875
554,180.96875
567,180.96875
578,180.96875
585,181.96875
589,183.96875
590,184.96875
590,185.96875
590,188.96875
582,194.96875
568,198.96875
554,198.96875
542,198.96875
534,194.96875
533,192.96875
534,190.96875
541,188.96875
561,187.96875
579,189.96875
585,193.96875
587,196.96875
587,198.96875
587,200.96875
582,202.96875
568,202.96875
550,194.96875
543,191.96875
542,190.96875
542,189.96875
559,189.96875
573,190.96875
583,192.96875
587,194.96875
588,195.96875
576,196.96875
564,196.96875
555,197.96875
549,197.96875
547,197.96875
549,197.96875
563,196.96875
572,194.96875
576,193.96875
578,193.96875
579,193.96875
577,194.96875
562,194.96875
553,194.96875
549,193.96875
549,193.96875
561,193.96875
574,195.96875
584,196.96875
587,197.96875
586,197.96875
578,197.96875
567,194.96875
560,192.96875
560,192.96875
561,192.96875
571,192.96875
580,192.96875
588,192.96875
589,192.96875
588,192.96875
580,192.96875
565,192.96875
561,192.96875
561,192.96875
561,192.96875
563,186.96875
566,178.96875
573,167.96875
581,155.96875
590,142.96875
593,139.96875
594,138.96875
595,137.96875
596,137.96875
595,137.96875
585,146.96875
577,154.96875
567,166.96875
564,174.96875
563,178.96875
562,179.96875
562,179.96875
560,180.96875
558,181.96875
558,182.96875
558,180.96875
563,171.96875
570,159.96875
580,137.96875
586,127.96875
587,126.96875
586,127.96875
578,138.96875
565,157.96875
559,170.96875
557,176.96875
557,179.96875
556,181.96875
556,182.96875
556,182.96875
560,176.96875
568,166.96875
578,153.96875
583,145.96875
586,141.96875
586,140.96875
586,142.96875
570,162.96875
560,182.96875
557,191.96875
557,191.96875
557,191.96875
557,186.96875
563,177.96875
573,164.96875
579,156.96875
583,152.96875
584,151.96875
585,150.96875
585,151.96875
581,161.96875
577,174.96875
575,181.96875
574,185.96875
573,186.96875
573,186.96875
573,182.96875
578,171.96875
583,157.96875
587,146.96875
589,144.96875
589,143.96875
589,143.96875
582,153.96875
571,170.96875
565,182.96875
563,187.96875
562,190.96875
562,190.96875
562,191.96875
562,190.96875
564,186.96875
570,177.96875
575,164.96875
580,150.96875
582,144.96875
582,144.96875
582,143.96875
582,143.96875
582,143.96875
583,142.96875
584,141.96875
585,139.96875
586,138.96875
586,138.96875
587,137.96875
587,137.96875
588,137.96875
589,137.96875
593,139.96875
601,144.96875
607,151.96875
611,157.96875
616,163.96875
618,166.96875
620,168.96875
623,170.96875
626,173.96875
629,175.96875
630,176.96875
632,177.96875
633,179.96875
634,180.96875
635,181.96875
635,181.96875
635,180.96875
627,172.96875
615,159.96875
601,147.96875
590,139.96875
587,137.96875
587,137.96875
587,137.96875
593,139.96875
606,148.96875
617,156.96875
622,161.96875
626,163.96875
627,164.96875
627,164.96875
626,164.96875
620,158.96875
615,151.96875
607,141.96875
604,137.96875
601,135.96875
601,135.96875
603,135.96875
609,139.96875
615,146.96875
620,154.96875
622,157.96875
622,157.96875
622,156.96875
612,148.96875
599,138.96875
591,134.96875
588,133.96875
587,133.96875
586,133.96875
588,133.96875
594,133.96875
600,136.96875
605,139.96875
607,140.96875
607,140.96875
602,139.96875
598,137.96875
595,135.96875
594,135.96875
594,134.96875
595,134.96875
598,134.96875
601,135.96875
602,135.96875
603,135.96875
603,135.96875
602,135.96875
598,135.96875
591,133.96875
586,132.96875
583,131.96875
582,131.96875
583,131.96875
587,131.96875
593,131.96875
599,131.96875
602,131.96875
603,131.96875
604,131.96875
604,130.96875
599,129.96875
594,129.96875
592,129.96875
593,129.96875
597,130.96875
607,135.96875
613,141.96875
620,147.96875
626,154.96875
631,164.96875
634,176.96875
636,185.96875
637,189.96875
638,191.96875
638,191.96875
637,191.96875
632,184.96875
625,170.96875
620,159.96875
617,153.96875
616,151.96875
616,152.96875
620,158.96875
628,171.96875
636,182.96875
642,188.96875
643,188.96875
642,188.96875
639,188.96875
634,189.96875
632,189.96875
632,190.96875
632,190.96875
632,190.96875
634,191.96875
640,192.96875
650,192.96875
659,192.96875
663,193.96875
664,193.96875
664,194.96875
655,194.96875
640,194.96875
623,194.96875
617,195.96875
615,196.96875
615,196.96875
616,196.96875
622,196.96875
630,198.96875
643,199.96875
658,199.96875
668,200.96875
676,200.96875
679,200.96875
681,199.96875
681,199.96875
674,197.96875
648,195.96875
638,195.96875
629,196.96875
625,198.96875
624,198.96875
624,199.96875
624,199.96875
624,199.96875
632,199.96875
645,199.96875
657,199.96875
663,199.96875
666,199.96875
667,198.96875
667,197.96875
659,195.96875
640,192.96875
624,192.96875
614,194.96875
610,195.96875
609,196.96875
611,196.96875
623,196.96875
643,196.96875
653,196.96875
662,196.96875
667,196.96875
670,196.96875
671,196.96875
671,195.96875
671,195.96875
655,193.96875
640,191.96875
630,192.96875
627,194.96875
629,196.96875
638,197.96875
648,198.96875
660,198.96875
669,198.96875
673,198.96875
676,197.96875
678,196.96875
679,196.96875
679,196.96875
679,196.96875
678,196.96875
677,196.96875
676,196.96875
675,196.96875
673,196.96875
671,195.96875
670,193.96875
669,193.96875
669,192.96875
668,192.96875
668,191.96875
667,191.96875
666,190.96875
666,190.96875
663,189.96875
653,189.96875
646,189.96875
639,190.96875
634,190.96875
629,190.96875
627,190.96875
626,190.96875
625,190.96875
625,190.96875
625,191.96875
625,191.96875
625,191.96875
624,192.96875
623,193.96875
622,193.96875
621,193.96875
621,193.96875
621,193.96875
618,191.96875
618,189.96875
618,189.96875
618,188.96875
618,187.96875
620,186.96875
626,183.96875
632,182.96875
638,181.96875
644,181.96875
650,181.96875
653,182.96875
656,182.96875
658,182.96875
662,183.96875
666,185.96875
668,186.96875
670,187.96875
672,189.96875
674,191.96875
675,192.96875
678,193.96875
679,194.96875
680,194.96875
680,195.96875
680,196.96875
680,197.96875
675,198.96875
669,198.96875
664,198.96875
659,198.96875
652,198.96875
648,198.96875
646,198.96875
643,198.96875
637,199.96875
633,199.96875
629,199.96875
626,199.96875
624,198.96875
622,198.96875
621,197.96875
621,197.96875
621,196.96875
620,195.96875
620,193.96875
624,192.96875
632,192.96875
645,191.96875
655,191.96875
661,191.96875
665,191.96875
668,191.96875
671,191.96875
671,191.96875
671,191.96875
662,186.96875
654,184.96875
648,183.96875
645,182.96875
645,182.96875
647,182.96875
652,185.96875
657,188.96875
660,190.96875
661,191.96875
662,191.96875
662,191.96875
653,191.96875
637,190.96875
626,190.96875
626,190.96875
632,191.96875
640,192.96875
648,192.96875
651,192.96875
652,192.96875
652,192.96875
649,188.96875
646,185.96875
645,184.96875
645,184.96875
649,184.96875
651,184.96875
652,184.96875
652,184.96875
642,184.96875
633,186.96875
630,187.96875
631,188.96875
638,188.96875
644,188.96875
649,188.96875
651,189.96875
650,189.96875
640,189.96875
629,189.96875
620,190.96875
619,191.96875
620,191.96875
624,191.96875
630,191.96875
638,189.96875
644,188.96875
652,188.96875
656,188.96875
661,188.96875
663,188.96875
663,188.96875
660,186.96875
655,183.96875
652,180.96875
648,174.96875
642,169.96875
634,163.96875
630,160.96875
629,159.96875
629,159.96875
629,159.96875
631,164.96875
637,173.96875
641,178.96875
644,181.96875
646,184.96875
646,185.96875
646,186.96875
646,186.96875
635,177.96875
625,169.96875
621,166.96875
620,166.96875
633,173.96875
646,188.96875
652,197.96875
653,197.96875
653,195.96875
646,185.96875
639,175.96875
635,169.96875
633,167.96875
635,167.96875
649,175.96875
658,182.96875
660,183.96875
658,183.96875
646,173.96875
634,164.96875
629,161.96875
627,159.96875
626,159.96875
627,159.96875
630,162.96875
635,165.96875
638,168.96875
641,172.96875
643,176.96875
645,178.96875
645,179.96875
646,181.96875
648,183.96875
648,183.96875
649,183.96875
648,183.96875
639,175.96875
630,167.96875
625,162.96875
624,162.96875
624,162.96875
615,157.96875
603,149.96875
600,147.96875
599,147.96875
599,147.96875
599,147.96875
598,146.96875
594,139.96875
589,132.96875
586,129.96875
585,128.96875
584,128.96875
584,128.96875
584,124.96875
584,111.96875
583,89.96875
582,83.96875
582,81.96875
582,81.96875
582,81.96875
582,87.96875
582,86.96875
580,80.96875
578,72.96875
578,67.96875
578,64.96875
578,64.96875
578,63.96875
579,63.96875
583,62.96875
591,62.96875
597,62.96875
599,62.96875
599,62.96875
599,62.96875
599,64.96875
598,71.96875
597,85.96875
597,112.96875
596,139.96875
596,141.96875
596,142.96875
595,143.96875
595,143.96875
594,141.96875
591,126.96875
584,92.96875
582,78.96875
582,68.96875
582,66.96875
582,65.96875
582,73.96875
583,96.96875
584,123.96875
585,128.96875
585,129.96875
585,129.96875
586,124.96875
586,110.96875
586,87.96875
586,77.96875
586,71.96875
586,70.96875
586,72.96875
590,87.96875
594,109.96875
595,132.96875
595,140.96875
596,141.96875
596,141.96875
595,127.96875
592,105.96875
590,88.96875
589,76.96875
589,71.96875
589,69.96875
589,78.96875
592,96.96875
594,114.96875
595,126.96875
595,130.96875
595,130.96875
595,123.96875
595,108.96875
594,95.96875
593,85.96875
592,82.96875
592,80.96875
592,80.96875
592,93.96875
595,117.96875
596,134.96875
596,139.96875
596,140.96875
596,134.96875
592,113.96875
589,98.96875
587,82.96875
586,66.96875
585,61.96875
585,60.96875
588,75.96875
590,87.96875
592,94.96875
592,96.96875
592,98.96875
592,97.96875
592,92.96875
592,81.96875
591,73.96875
591,70.96875
591,69.96875
591,69.96875
594,70.96875
597,70.96875
597,70.96875
597,70.96875
593,70.96875
589,70.96875
587,70.96875
587,70.96875
588,70.96875
592,71.96875
596,72.96875
596,72.96875
596,72.96875
592,73.96875
585,74.96875
580,76.96875
575,77.96875
572,78.96875
569,78.96875
566,78.96875
564,77.96875
562,76.96875
559,75.96875
555,75.96875
553,74.96875
552,74.96875
552,73.96875
552,72.96875
552,70.96875
556,67.96875
562,65.96875
569,64.96875
578,64.96875
586,64.96875
598,64.96875
604,64.96875
607,64.96875
609,64.96875
611,64.96875
613,64.96875
614,64.96875
616,64.96875
618,64.96875
619,64.96875
620,64.96875
620,65.96875
620,69.96875
619,73.96875
617,75.96875
614,77.96875
610,79.96875
605,79.96875
597,79.96875
587,80.96875
577,81.96875
570,81.96875
565,81.96875
562,81.96875
560,80.96875
559,78.96875
559,78.96875
559,77.96875
563,75.96875
574,73.96875
589,72.96875
605,71.96875
611,71.96875
613,71.96875
614,71.96875
615,71.96875
614,72.96875
607,74.96875
594,76.96875
583,77.96875
577,77.96875
572,77.96875
570,77.96875
568,76.96875
568,76.96875
574,74.96875
589,71.96875
606,70.96875
616,70.96875
616,70.96875
612,70.96875
605,70.96875
598,70.96875
594,70.96875
592,70.96875
595,70.96875
601,70.96875
607,70.96875
612,70.96875
613,70.96875
613,70.96875
609,68.96875
601,65.96875
600,65.96875
601,65.96875
604,65.96875
605,65.96875
606,65.96875
606,65.96875
607,65.96875
607,65.96875
607,65.96875
609,65.96875
611,65.96875
611,65.96875
609,65.96875
600,66.96875
583,70.96875
571,74.96875
564,76.96875
563,76.96875
563,76.96875
570,75.96875
579,74.96875
582,74.96875
582,74.96875
581,76.96875
575,77.96875
567,76.96875
564,74.96875
563,71.96875
563,69.96875
564,69.96875
572,70.96875
575,71.96875
575,73.96875
572,75.96875
564,76.96875
560,76.96875
560,76.96875
560,75.96875
561,72.96875
568,68.96875
578,68.96875
584,70.96875
580,72.96875
571,72.96875
562,72.96875
560,72.96875
560,72.96875
560,71.96875
562,70.96875
570,69.96875
576,69.96875
580,70.96875
581,70.96875
572,70.96875
566,69.96875
565,68.96875
564,67.96875
564,66.96875
566,66.96875
575,66.96875
582,67.96875
583,68.96875
584,69.96875
584,69.96875
582,70.96875
564,72.96875
560,72.96875
559,72.96875
560,72.96875
567,72.96875
578,70.96875
586,70.96875
592,70.96875
593,70.96875
594,70.96875
596,69.96875
599,68.96875
605,66.96875
606,66.96875
606,66.96875
606,66.96875
609,66.96875
610,67.96875
611,67.96875
611,68.96875
611,68.96875
608,70.96875
602,71.96875
597,72.96875
592,72.96875
592,72.96875
596,72.96875
600,72.96875
602,72.96875
601,72.96875
597,72.96875
590,73.96875
587,73.96875
586,73.96875
586,74.96875
588,74.96875
591,74.96875
592,75.96875
592,75.96875
590,75.96875
587,75.96875
585,75.96875
583,75.96875
582,75.96875
581,75.96875
581,75.96875
581,75.96875